session_id,finger_1,finger_2,finger_3,finger_1_name,finger_2_name,finger_3_name,key_1,key_2,key_3,key_1_type,key_2_type,key_3_type,vowel_count,vowel_pattern,hand_pattern,interval_1_2_ms,interval_2_3_ms,avg_interval_ms,has_error,spans_boundary,same_finger,same_hand_all,alternating,pattern_type
1778934176,R4,R3,R4,右人差し指,右中指,右人差し指,n,i,n,子音,母音,子音,1,CVC,RRR,38,138,88.0,False,False,False,True,False,同手3連
1778934176,R3,R4,R3,右中指,右人差し指,右中指,i,n,k,母音,子音,子音,1,VCC,RRR,138,145,141.5,False,False,False,True,False,同手3連
1778934176,R4,R3,R3,右人差し指,右中指,右中指,n,k,i,子音,子音,母音,1,CCV,RRR,145,156,150.5,False,False,True,True,False,同指連打
1778934176,R3,R3,L4,右中指,右中指,左人差し指,k,i,t,子音,母音,子音,1,CVC,RRL,156,73,114.5,False,False,True,False,False,同指連打
1778934176,R3,L4,L3,右中指,左人差し指,左中指,i,t,e,母音,子音,母音,2,VCV,RLL,73,51,62.0,False,False,False,False,False,混合
1778934176,L4,L3,R4,左人差し指,左中指,右人差し指,t,e,m,子音,母音,子音,1,CVC,LLR,51,165,108.0,False,False,False,False,False,混合
1778934176,L3,R4,L1,左中指,右人差し指,左小指,e,m,a,母音,子音,母音,2,VCV,LRL,165,53,109.0,False,False,False,False,True,左右交互
1778934176,R4,L1,R1,右人差し指,左小指,右小指,m,a,p,子音,母音,子音,1,CVC,RLR,53,96,74.5,False,False,False,False,True,左右交互
1778934176,L1,R1,L1,左小指,右小指,左小指,a,p,a,母音,子音,母音,2,VCV,LRL,96,108,102.0,False,False,False,False,True,左右交互
1778934176,R1,L1,R3,右小指,左小指,右中指,p,a,k,子音,母音,子音,1,CVC,RLR,108,202,155.0,False,False,False,False,True,左右交互
1778934176,L1,R3,R4,左小指,右中指,右人差し指,a,k,u,母音,子音,母音,2,VCV,LRR,202,151,176.5,False,False,False,False,False,混合
1778934176,R3,R4,R3,右中指,右人差し指,右中指,k,u,k,子音,母音,子音,1,CVC,RRR,151,452,301.5,False,False,False,True,False,同手3連
1778934176,R4,R3,L1,右人差し指,右中指,左小指,u,k,a,母音,子音,母音,2,VCV,RRL,452,75,263.5,False,False,False,False,False,混合
1778934176,R3,L1,R4,右中指,左小指,右人差し指,k,a,n,子音,母音,子音,1,CVC,RLR,75,101,88.0,False,False,False,False,True,左右交互
1778934176,L1,R4,L1,左小指,右人差し指,左小指,a,n,z,母音,子音,子音,1,VCC,LRL,101,148,124.5,False,False,False,False,True,左右交互
1778934176,R4,L1,L3,右人差し指,左小指,左中指,n,z,e,子音,子音,母音,1,CCV,RLL,148,57,102.5,False,False,False,False,False,混合
1778934176,L1,L3,R4,左小指,左中指,右人差し指,z,e,n,子音,母音,子音,1,CVC,LLR,57,37,47.0,False,False,False,False,False,混合
1778934176,L3,R4,R4,左中指,右人差し指,右人差し指,e,n,n,母音,子音,子音,1,VCC,LRR,37,137,87.0,False,False,True,False,False,同指連打
1778934176,R4,R4,R4,右人差し指,右人差し指,右人差し指,n,n,n,子音,子音,子音,0,CCC,RRR,137,134,135.5,False,False,True,True,False,同指連打
1778934176,R4,R4,L3,右人差し指,右人差し指,左中指,n,n,e,子音,子音,母音,1,CCV,RRL,134,99,116.5,False,False,True,False,False,同指連打
1778934176,R4,L3,R4,右人差し指,左中指,右人差し指,n,e,n,子音,母音,子音,1,CVC,RLR,99,49,74.0,False,False,False,False,True,左右交互
1778934176,L3,R4,L2,左中指,右人差し指,左薬指,e,n,s,母音,子音,子音,1,VCC,LRL,49,120,84.5,False,False,False,False,True,左右交互
1778934176,R4,L2,R4,右人差し指,左薬指,右人差し指,n,s,y,子音,子音,子音,0,CCC,RLR,120,106,113.0,False,False,False,False,True,左右交互
1778934176,L2,R4,R2,左薬指,右人差し指,右薬指,s,y,o,子音,子音,母音,1,CCV,LRR,106,131,118.5,False,False,False,False,False,混合
1778934176,R4,R2,R4,右人差し指,右薬指,右人差し指,y,o,u,子音,母音,母音,2,CVV,RRR,131,55,93.0,False,False,False,True,False,同手3連
1778934176,R2,R4,L2,右薬指,右人差し指,左薬指,o,u,s,母音,母音,子音,2,VVC,RRL,55,439,247.0,False,False,False,False,False,混合
1778934176,R4,L2,R3,右人差し指,左薬指,右中指,u,s,i,母音,子音,母音,2,VCV,RLR,439,65,252.0,False,False,False,False,True,左右交互
1778934176,L2,R3,R4,左薬指,右中指,右人差し指,s,i,n,子音,母音,子音,1,CVC,LRR,65,174,119.5,False,False,False,False,False,混合
1778934176,R3,R4,R4,右中指,右人差し指,右人差し指,i,n,n,母音,子音,子音,1,VCC,RRR,174,133,153.5,False,False,True,True,False,同指連打
1778934176,R4,R4,R4,右人差し指,右人差し指,右人差し指,n,n,n,子音,子音,子音,0,CCC,RRR,133,124,128.5,False,False,True,True,False,同指連打
1778934176,R4,R4,R4,右人差し指,右人差し指,右人差し指,n,n,y,子音,子音,子音,0,CCC,RRR,124,210,167.0,False,False,True,True,False,同指連打
1778934176,R4,R4,R4,右人差し指,右人差し指,右人差し指,n,y,u,子音,子音,母音,1,CCV,RRR,210,52,131.0,False,False,True,True,False,同指連打
1778934176,R4,R4,R4,右人差し指,右人差し指,右人差し指,y,u,u,子音,母音,母音,2,CVV,RRR,52,141,96.5,False,False,True,True,False,同指連打
1778934176,R4,R4,L2,右人差し指,右人差し指,左薬指,u,u,s,母音,母音,子音,2,VVC,RRL,141,77,109.0,False,False,True,False,False,同指連打
1778934176,R4,L2,R4,右人差し指,左薬指,右人差し指,u,s,y,母音,子音,子音,1,VCC,RLR,77,68,72.5,False,False,False,False,True,左右交互
1778934176,L2,R4,L1,左薬指,右人差し指,左小指,s,y,a,子音,子音,母音,1,CCV,LRL,68,105,86.5,False,False,False,False,True,左右交互
1778934176,R4,L1,R3,右人差し指,左小指,右中指,y,a,i,子音,母音,母音,2,CVV,RLR,105,25,65.0,False,False,False,False,True,左右交互
1778934176,L1,R3,R4,左小指,右中指,右人差し指,a,i,n,母音,母音,子音,2,VVC,LRR,25,212,118.5,False,False,False,False,False,混合
1778934176,R3,R4,R4,右中指,右人差し指,右人差し指,i,n,n,母音,子音,子音,1,VCC,RRR,212,125,168.5,False,False,True,True,False,同指連打
1778934176,R4,R4,L4,右人差し指,右人差し指,左人差し指,n,n,t,子音,子音,子音,0,CCC,RRL,125,496,310.5,False,False,True,False,False,同指連打
1778934176,R4,L4,R2,右人差し指,左人差し指,右薬指,n,t,o,子音,子音,母音,1,CCV,RLR,496,58,277.0,False,False,False,False,True,左右交互
1778934176,L4,R2,R4,左人差し指,右薬指,右人差し指,t,o,u,子音,母音,母音,2,CVV,LRR,58,55,56.5,False,False,False,False,False,混合
1778934176,R2,R4,R4,右薬指,右人差し指,右人差し指,o,u,h,母音,母音,子音,2,VVC,RRR,55,198,126.5,False,False,True,True,False,同指連打
1778934176,R4,R4,R2,右人差し指,右人差し指,右薬指,u,h,o,母音,子音,母音,2,VCV,RRR,198,46,122.0,False,False,True,True,False,同指連打
1778934176,R4,R2,R3,右人差し指,右薬指,右中指,h,o,k,子音,母音,子音,1,CVC,RRR,46,198,122.0,False,False,False,True,False,同手3連
1778934176,R2,R3,R4,右薬指,右中指,右人差し指,o,k,u,母音,子音,母音,2,VCV,RRR,198,57,127.5,False,False,False,True,False,同手3連
1778934176,R3,R4,L2,右中指,右人差し指,左薬指,k,u,s,子音,母音,子音,1,CVC,RRL,57,58,57.5,False,False,False,False,False,混合
1778934176,R4,L2,R3,右人差し指,左薬指,右中指,u,s,i,母音,子音,母音,2,VCV,RLR,58,93,75.5,False,False,False,False,True,左右交互
1778934176,L2,R3,R4,左薬指,右中指,右人差し指,s,i,n,子音,母音,子音,1,CVC,LRR,93,131,112.0,False,False,False,False,False,混合
1778934176,R3,R4,R3,右中指,右人差し指,右中指,i,n,k,母音,子音,子音,1,VCC,RRR,131,120,125.5,False,False,False,True,False,同手3連
1778934176,R4,R3,L1,右人差し指,右中指,左小指,n,k,a,子音,子音,母音,1,CCV,RRL,120,66,93.0,False,False,False,False,False,混合
1778934176,R3,L1,R4,右中指,左小指,右人差し指,k,a,n,子音,母音,子音,1,CVC,RLR,66,111,88.5,False,False,False,False,True,左右交互
1778934176,L1,R4,L2,左小指,右人差し指,左薬指,a,n,s,母音,子音,子音,1,VCC,LRL,111,91,101.0,False,False,False,False,True,左右交互
1778934176,R4,L2,L3,右人差し指,左薬指,左中指,n,s,e,子音,子音,母音,1,CCV,RLL,91,75,83.0,False,False,False,False,False,混合
1778934176,L2,L3,R4,左薬指,左中指,右人差し指,s,e,n,子音,母音,子音,1,CVC,LLR,75,34,54.5,False,False,False,False,False,混合
1778934176,L3,R4,R4,左中指,右人差し指,右人差し指,e,n,n,母音,子音,子音,1,VCC,LRR,34,124,79.0,False,False,True,False,False,同指連打
1778934176,R4,R4,R4,右人差し指,右人差し指,右人差し指,n,n,u,子音,子音,母音,1,CCV,RRR,124,462,293.0,False,False,True,True,False,同指連打
1778934176,R4,R4,R4,右人差し指,右人差し指,右人差し指,n,u,n,子音,母音,子音,1,CVC,RRR,462,167,314.5,False,False,True,True,False,同指連打
1778934176,R4,R4,R4,右人差し指,右人差し指,右人差し指,u,n,m,母音,子音,子音,1,VCC,RRR,167,170,168.5,False,False,True,True,False,同指連打
1778934176,R4,R4,L3,右人差し指,右人差し指,左中指,n,m,e,子音,子音,母音,1,CCV,RRL,170,73,121.5,False,False,True,False,False,同指連打
1778934176,R4,L3,R3,右人差し指,左中指,右中指,m,e,i,子音,母音,母音,2,CVV,RLR,73,66,69.5,False,False,False,False,True,左右交互
1778934176,L3,R3,R4,左中指,右中指,右人差し指,e,i,n,母音,母音,子音,2,VVC,LRR,66,128,97.0,False,False,False,False,False,混合
1778934176,R3,R4,R2,右中指,右人差し指,右薬指,i,n,o,母音,子音,母音,2,VCV,RRR,128,53,90.5,False,False,False,True,False,同手3連
1778934176,R4,R2,L1,右人差し指,右薬指,左小指,n,o,a,子音,母音,母音,2,CVV,RRL,53,68,60.5,False,False,False,False,False,混合
1778934176,R2,L1,R3,右薬指,左小指,右中指,o,a,k,母音,母音,子音,2,VVC,RLR,68,102,85.0,False,False,False,False,True,左右交互
1778934176,L1,R3,L1,左小指,右中指,左小指,a,k,a,母音,子音,母音,2,VCV,LRL,102,71,86.5,False,False,False,False,True,左右交互
1778934176,R3,L1,R3,右中指,左小指,右中指,k,a,i,子音,母音,母音,2,CVV,RLR,71,80,75.5,False,False,False,False,True,左右交互
1778934176,L1,R3,R3,左小指,右中指,右中指,a,i,i,母音,母音,母音,3,VVV,LRR,80,106,93.0,False,False,True,False,False,同指連打
1778934176,R3,R3,L4,右中指,右中指,左人差し指,i,i,t,母音,母音,子音,2,VVC,RRL,106,114,110.0,False,False,True,False,False,同指連打
1778934176,R3,L4,R2,右中指,左人差し指,右薬指,i,t,o,母音,子音,母音,2,VCV,RLR,114,59,86.5,False,False,False,False,True,左右交互
1778934176,L4,R2,L1,左人差し指,右薬指,左小指,t,o,a,子音,母音,母音,2,CVV,LRL,59,508,283.5,False,False,False,False,True,左右交互
1778934176,R2,L1,R4,右薬指,左小指,右人差し指,o,a,n,母音,母音,子音,2,VVC,RLR,508,75,291.5,False,False,False,False,True,左右交互
1778934176,L1,R4,L1,左小指,右人差し指,左小指,a,n,a,母音,子音,母音,2,VCV,LRL,75,80,77.5,False,False,False,False,True,左右交互
1778934176,R4,L1,L4,右人差し指,左小指,左人差し指,n,a,g,子音,母音,子音,1,CVC,RLL,80,58,69.0,False,False,False,False,False,混合
1778934176,L1,L4,R2,左小指,左人差し指,右薬指,a,g,o,母音,子音,母音,2,VCV,LLR,58,61,59.5,False,False,False,False,False,混合
1778934176,L4,R2,R3,左人差し指,右薬指,右中指,g,o,i,子音,母音,母音,2,CVV,LRR,61,52,56.5,False,False,False,False,False,混合
1778934176,R2,R3,R1,右薬指,右中指,右小指,o,i,p,母音,母音,子音,2,VVC,RRR,52,200,126.0,False,False,False,True,False,同手3連
1778934176,R3,R1,R1,右中指,右小指,右小指,i,p,p,母音,子音,子音,1,VCC,RRR,200,121,160.5,False,False,True,True,False,同指連打
1778934176,R1,R1,R2,右小指,右小指,右薬指,p,p,o,子音,子音,母音,1,CCV,RRR,121,35,78.0,False,False,True,True,False,同指連打
1778934176,R1,R2,R4,右小指,右薬指,右人差し指,p,o,n,子音,母音,子音,1,CVC,RRR,35,214,124.5,False,False,False,True,False,同手3連
1778934176,R2,R4,R4,右薬指,右人差し指,右人差し指,o,n,n,母音,子音,子音,1,VCC,RRR,214,136,175.0,False,False,True,True,False,同指連打
1778934176,R4,R4,R4,右人差し指,右人差し指,右人差し指,n,n,n,子音,子音,子音,0,CCC,RRR,136,126,131.0,False,False,True,True,False,同指連打
1778934176,R4,R4,R3,右人差し指,右人差し指,右中指,n,n,i,子音,子音,母音,1,CCV,RRR,126,45,85.5,False,False,True,True,False,同指連打
1778934176,R4,R3,L4,右人差し指,右中指,左人差し指,n,i,g,子音,母音,子音,1,CVC,RRL,45,82,63.5,False,False,False,False,False,混合
1778934176,R3,L4,R3,右中指,左人差し指,右中指,i,g,i,母音,子音,母音,2,VCV,RLR,82,107,94.5,False,False,False,False,True,左右交互
1778934176,L4,R3,L4,左人差し指,右中指,左人差し指,g,i,r,子音,母音,子音,1,CVC,LRL,107,100,103.5,False,False,False,False,True,左右交互
1778934176,R3,L4,R3,右中指,左人差し指,右中指,i,r,i,母音,子音,母音,2,VCV,RLR,100,49,74.5,False,False,False,False,True,左右交互
1778934176,L4,R3,R4,左人差し指,右中指,右人差し指,r,i,h,子音,母音,子音,1,CVC,LRR,49,518,283.5,False,False,False,False,False,混合
1778934176,R3,R4,R4,右中指,右人差し指,右人差し指,i,h,u,母音,子音,母音,2,VCV,RRR,518,40,279.0,False,False,True,True,False,同指連打
1778934176,R4,R4,L3,右人差し指,右人差し指,左中指,h,u,d,子音,母音,子音,1,CVC,RRL,40,63,51.5,False,False,True,False,False,同指連打
1778934176,R4,L3,L1,右人差し指,左中指,左小指,u,d,a,母音,子音,母音,2,VCV,RLL,63,57,60.0,False,False,False,False,False,混合
1778934176,L3,L1,R4,左中指,左小指,右人差し指,d,a,n,子音,母音,子音,1,CVC,LLR,57,83,70.0,False,False,False,False,False,混合
1778934176,L1,R4,L4,左小指,右人差し指,左人差し指,a,n,g,母音,子音,子音,1,VCC,LRL,83,98,90.5,False,False,False,False,True,左右交互
1778934176,R4,L4,R3,右人差し指,左人差し指,右中指,n,g,i,子音,子音,母音,1,CCV,RLR,98,81,89.5,False,False,False,False,True,左右交互
1778934176,L4,R3,R4,左人差し指,右中指,右人差し指,g,i,h,子音,母音,子音,1,CVC,LRR,81,86,83.5,False,False,False,False,False,混合
1778934176,R3,R4,L1,右中指,右人差し指,左小指,i,h,a,母音,子音,母音,2,VCV,RRL,86,51,68.5,False,False,False,False,False,混合
1778934176,R4,L1,R1,右人差し指,左小指,右小指,h,a,p,子音,母音,子音,1,CVC,RLR,51,264,157.5,False,False,False,False,True,左右交互
1778934176,L1,R1,L1,左小指,右小指,左小指,a,p,a,母音,子音,母音,2,VCV,LRL,264,102,183.0,False,False,False,False,True,左右交互
1778934176,R1,L1,R4,右小指,左小指,右人差し指,p,a,j,子音,母音,子音,1,CVC,RLR,102,106,104.0,False,False,False,False,True,左右交互
1778934176,L1,R4,L1,左小指,右人差し指,左小指,a,j,a,母音,子音,母音,2,VCV,LRL,106,87,96.5,False,False,False,False,True,左右交互
1778934176,R4,L1,R4,右人差し指,左小指,右人差し指,j,a,m,子音,母音,子音,1,CVC,RLR,87,75,81.0,False,False,False,False,True,左右交互
1778934176,L1,R4,L1,左小指,右人差し指,左小指,a,m,a,母音,子音,母音,2,VCV,LRL,75,83,79.0,False,False,False,False,True,左右交互
1778934176,R4,L1,L3,右人差し指,左小指,左中指,m,a,d,子音,母音,子音,1,CVC,RLL,83,77,80.0,False,False,False,False,False,混合
1778934176,L1,L3,L3,左小指,左中指,左中指,a,d,e,母音,子音,母音,2,VCV,LLL,77,222,149.5,False,False,True,True,False,同指連打
1778934176,L3,L3,L2,左中指,左中指,左薬指,d,e,s,子音,母音,子音,1,CVC,LLL,222,25,123.5,False,False,True,True,False,同指連打
1778934176,L3,L2,R4,左中指,左薬指,右人差し指,e,s,u,母音,子音,母音,2,VCV,LLR,25,55,40.0,False,False,False,False,False,混合
1778934176,L2,R4,L1,左薬指,右人差し指,左小指,s,u,a,子音,母音,母音,2,CVV,LRL,55,455,255.0,False,False,False,False,True,左右交互
1778934176,R4,L1,R4,右人差し指,左小指,右人差し指,u,a,m,母音,母音,子音,2,VVC,RLR,455,81,268.0,False,False,False,False,True,左右交互
1778934176,L1,R4,L3,左小指,右人差し指,左中指,a,m,e,母音,子音,母音,2,VCV,LRL,81,59,70.0,False,False,False,False,True,左右交互
1778934176,R4,L3,L4,右人差し指,左中指,左人差し指,m,e,r,子音,母音,子音,1,CVC,RLL,59,77,68.0,False,False,False,False,False,混合
1778934176,L3,L4,R3,左中指,左人差し指,右中指,e,r,i,母音,子音,母音,2,VCV,LLR,77,47,62.0,False,False,False,False,False,混合
1778934176,L4,R3,R3,左人差し指,右中指,右中指,r,i,k,子音,母音,子音,1,CVC,LRR,47,141,94.0,False,False,True,False,False,同指連打
1778934176,R3,R3,L1,右中指,右中指,左小指,i,k,a,母音,子音,母音,2,VCV,RRL,141,72,106.5,False,False,True,False,False,同指連打
1778934176,R3,L1,R4,右中指,左小指,右人差し指,k,a,n,子音,母音,子音,1,CVC,RLR,72,80,76.0,False,False,False,False,True,左右交互
1778934176,L1,R4,R4,左小指,右人差し指,右人差し指,a,n,h,母音,子音,子音,1,VCC,LRR,80,284,182.0,False,False,True,False,False,同指連打
1778934176,R4,R4,R4,右人差し指,右人差し指,右人差し指,n,h,u,子音,子音,母音,1,CCV,RRR,284,59,171.5,False,False,True,True,False,同指連打
1778934176,R4,R4,L4,右人差し指,右人差し指,左人差し指,h,u,t,子音,母音,子音,1,CVC,RRL,59,71,65.0,False,False,True,False,False,同指連打
1778934176,R4,L4,L4,右人差し指,左人差し指,左人差し指,u,t,t,母音,子音,子音,1,VCC,RLL,71,165,118.0,False,False,True,False,False,同指連打
1778934176,L4,L4,R2,左人差し指,左人差し指,右薬指,t,t,o,子音,子音,母音,1,CCV,LLR,165,87,126.0,False,False,True,False,False,同指連打
1778934176,L4,R2,L4,左人差し指,右薬指,左人差し指,t,o,b,子音,母音,子音,1,CVC,LRL,87,182,134.5,False,False,False,False,True,左右交互
1778934176,R2,L4,R2,右薬指,左人差し指,右薬指,o,b,o,母音,子音,母音,2,VCV,RLR,182,70,126.0,False,False,False,False,True,左右交互
1778934176,L4,R2,L4,左人差し指,右薬指,左人差し指,b,o,r,子音,母音,子音,1,CVC,LRL,70,90,80.0,False,False,False,False,True,左右交互
1778934176,R2,L4,R4,右薬指,左人差し指,右人差し指,o,r,u,母音,子音,母音,2,VCV,RLR,90,67,78.5,False,False,False,False,True,左右交互
1778934176,L4,R4,R4,左人差し指,右人差し指,右人差し指,r,u,h,子音,母音,子音,1,CVC,LRR,67,609,338.0,False,False,True,False,False,同指連打
1778934176,R4,R4,L1,右人差し指,右人差し指,左小指,u,h,a,母音,子音,母音,2,VCV,RRL,609,26,317.5,False,False,True,False,False,同指連打
1778934176,R4,L1,L4,右人差し指,左小指,左人差し指,h,a,g,子音,母音,子音,1,CVC,RLL,26,169,97.5,False,False,False,False,False,混合
1778934176,L1,L4,L3,左小指,左人差し指,左中指,a,g,e,母音,子音,母音,2,VCV,LLL,169,55,112.0,False,False,False,True,False,同手3連
1778934176,L4,L3,L2,左人差し指,左中指,左薬指,g,e,s,子音,母音,子音,1,CVC,LLL,55,2,28.5,False,False,False,True,False,同手3連
1778934176,L3,L2,R3,左中指,左薬指,右中指,e,s,i,母音,子音,母音,2,VCV,LLR,2,70,36.0,False,False,False,False,False,混合
1778934176,L2,R3,R3,左薬指,右中指,右中指,s,i,i,子音,母音,母音,2,CVV,LRR,70,138,104.0,False,False,True,False,False,同指連打
1778934176,R3,R3,L4,右中指,右中指,左人差し指,i,i,r,母音,母音,子音,2,VVC,RRL,138,81,109.5,False,False,True,False,False,同指連打
1778934176,R3,L4,R3,右中指,左人差し指,右中指,i,r,i,母音,子音,母音,2,VCV,RLR,81,75,78.0,False,False,False,False,True,左右交互
1778934176,L4,R3,R4,左人差し指,右中指,右人差し指,r,i,n,子音,母音,子音,1,CVC,LRR,75,97,86.0,False,False,False,False,False,混合
1778934176,R3,R4,L4,右中指,右人差し指,左人差し指,i,n,b,母音,子音,子音,1,VCC,RRL,97,104,100.5,False,False,False,False,False,混合
1778934176,R4,L4,R2,右人差し指,左人差し指,右薬指,n,b,o,子音,子音,母音,1,CCV,RLR,104,53,78.5,False,False,False,False,True,左右交互
1778934176,L4,R2,L3,左人差し指,右薬指,左中指,b,o,d,子音,母音,子音,1,CVC,LRL,53,86,69.5,False,False,False,False,True,左右交互
1778934176,R2,L3,L1,右薬指,左中指,左小指,o,d,a,母音,子音,母音,2,VCV,RLL,86,68,77.0,False,False,False,False,False,混合
1778934176,L3,L1,R4,左中指,左小指,右人差し指,d,a,n,子音,母音,子音,1,CVC,LLR,68,51,59.5,False,False,False,False,False,混合
1778934176,L1,R4,L2,左小指,右人差し指,左薬指,a,n,s,母音,子音,子音,1,VCC,LRL,51,114,82.5,False,False,False,False,True,左右交互
1778934176,R4,L2,R4,右人差し指,左薬指,右人差し指,n,s,u,子音,子音,母音,1,CCV,RLR,114,73,93.5,False,False,False,False,True,左右交互
1778934176,L2,R4,L1,左薬指,右人差し指,左小指,s,u,z,子音,母音,子音,1,CVC,LRL,73,492,282.5,False,False,False,False,True,左右交互
1778934176,R4,L1,R4,右人差し指,左小指,右人差し指,u,z,u,母音,子音,母音,2,VCV,RLR,492,62,277.0,False,False,False,False,True,左右交互
1778934176,L1,R4,L4,左小指,右人差し指,左人差し指,z,u,t,子音,母音,子音,1,CVC,LRL,62,108,85.0,False,False,False,False,True,左右交互
1778934176,R4,L4,L4,右人差し指,左人差し指,左人差し指,u,t,t,母音,子音,子音,1,VCC,RLL,108,147,127.5,False,False,True,False,False,同指連打
1778934176,L4,L4,R2,左人差し指,左人差し指,右薬指,t,t,o,子音,子音,母音,1,CCV,LLR,147,79,113.0,False,False,True,False,False,同指連打
1778934176,L4,R2,R3,左人差し指,右薬指,右中指,t,o,k,子音,母音,子音,1,CVC,LRR,79,166,122.5,False,False,False,False,False,混合
1778934176,R2,R3,R2,右薬指,右中指,右薬指,o,k,o,母音,子音,母音,2,VCV,RRR,166,52,109.0,False,False,False,True,False,同手3連
1778934176,R3,R2,R4,右中指,右薬指,右人差し指,k,o,n,子音,母音,子音,1,CVC,RRR,52,102,77.0,False,False,False,True,False,同手3連
1778934176,R2,R4,R2,右薬指,右人差し指,右薬指,o,n,o,母音,子音,母音,2,VCV,RRR,102,41,71.5,False,False,False,True,False,同手3連
1778934176,R4,R2,R4,右人差し指,右薬指,右人差し指,n,o,m,子音,母音,子音,1,CVC,RRR,41,173,107.0,False,False,False,True,False,同手3連
1778934176,R2,R4,L1,右薬指,右人差し指,左小指,o,m,a,母音,子音,母音,2,VCV,RRL,173,45,109.0,False,False,False,False,False,混合
1778934176,R4,L1,R4,右人差し指,左小指,右人差し指,m,a,m,子音,母音,子音,1,CVC,RLR,45,81,63.0,False,False,False,False,True,左右交互
1778934176,L1,R4,L1,左小指,右人差し指,左小指,a,m,a,母音,子音,母音,2,VCV,LRL,81,58,69.5,False,False,False,False,True,左右交互
1778934176,R4,L1,R4,右人差し指,左小指,右人差し指,m,a,n,子音,母音,子音,1,CVC,RLR,58,115,86.5,False,False,False,False,True,左右交互
1778934176,L1,R4,L3,左小指,右人差し指,左中指,a,n,e,母音,子音,母音,2,VCV,LRL,115,59,87.0,False,False,False,False,True,左右交互
1778934176,R4,L3,L4,右人差し指,左中指,左人差し指,n,e,t,子音,母音,子音,1,CVC,RLL,59,160,109.5,False,False,False,False,False,混合
1778934176,L3,L4,L3,左中指,左人差し指,左中指,e,t,e,母音,子音,母音,2,VCV,LLL,160,77,118.5,False,False,False,True,False,同手3連
1778934176,L4,L3,R3,左人差し指,左中指,右中指,t,e,i,子音,母音,母音,2,CVV,LLR,77,44,60.5,False,False,False,False,False,混合
1778934176,L3,R3,L4,左中指,右中指,左人差し指,e,i,t,母音,母音,子音,2,VVC,LRL,44,112,78.0,False,False,False,False,True,左右交互
1778934176,R3,L4,L1,右中指,左人差し指,左小指,i,t,a,母音,子音,母音,2,VCV,RLL,112,34,73.0,False,False,False,False,False,混合
1778934176,L4,L1,R3,左人差し指,左小指,右中指,t,a,i,子音,母音,母音,2,CVV,LLR,34,70,52.0,False,False,False,False,False,混合
1778934176,L1,R3,L2,左小指,右中指,左薬指,a,i,s,母音,母音,子音,2,VVC,LRL,70,428,249.0,False,False,False,False,True,左右交互
1778934176,R3,L2,R3,右中指,左薬指,右中指,i,s,i,母音,子音,母音,2,VCV,RLR,428,66,247.0,False,False,False,False,True,左右交互
1778934176,L2,R3,R4,左薬指,右中指,右人差し指,s,i,n,子音,母音,子音,1,CVC,LRR,66,141,103.5,False,False,False,False,False,混合
1778934176,R3,R4,L4,右中指,右人差し指,左人差し指,i,n,r,母音,子音,子音,1,VCC,RRL,141,61,101.0,False,False,False,False,False,混合
1778934176,R4,L4,R3,右人差し指,左人差し指,右中指,n,r,i,子音,子音,母音,1,CCV,RLR,61,110,85.5,False,False,False,False,True,左右交互
1778934176,L4,R3,L4,左人差し指,右中指,左人差し指,r,i,g,子音,母音,子音,1,CVC,LRL,110,94,102.0,False,False,False,False,True,左右交互
1778934176,R3,L4,L1,右中指,左人差し指,左小指,i,g,a,母音,子音,母音,2,VCV,RLL,94,52,73.0,False,False,False,False,False,混合
1778934176,L4,L1,R3,左人差し指,左小指,右中指,g,a,k,子音,母音,子音,1,CVC,LLR,52,103,77.5,False,False,False,False,False,混合
1778934176,L1,R3,R4,左小指,右中指,右人差し指,a,k,u,母音,子音,母音,2,VCV,LRR,103,63,83.0,False,False,False,False,False,混合
1778934176,R3,R4,L2,右中指,右人差し指,左薬指,k,u,w,子音,母音,子音,1,CVC,RRL,63,66,64.5,False,False,False,False,False,混合
1778934176,R4,L2,R2,右人差し指,左薬指,右薬指,u,w,o,母音,子音,母音,2,VCV,RLR,66,85,75.5,False,False,False,False,True,左右交互
1778934176,L2,R2,L2,左薬指,右薬指,左薬指,w,o,s,子音,母音,子音,1,CVC,LRL,85,105,95.0,False,False,False,False,True,左右交互
1778934176,R2,L2,L3,右薬指,左薬指,左中指,o,s,e,母音,子音,母音,2,VCV,RLL,105,75,90.0,False,False,False,False,False,混合
1778934176,L2,L3,R4,左薬指,左中指,右人差し指,s,e,n,子音,母音,子音,1,CVC,LLR,75,44,59.5,False,False,False,False,False,混合
1778934176,L3,R4,R3,左中指,右人差し指,右中指,e,n,k,母音,子音,子音,1,VCC,LRR,44,149,96.5,False,False,False,False,False,混合
1778934176,R4,R3,R2,右人差し指,右中指,右薬指,n,k,o,子音,子音,母音,1,CCV,RRR,149,164,156.5,False,False,False,True,False,同手3連
1778934176,R3,R2,R4,右中指,右薬指,右人差し指,k,o,u,子音,母音,母音,2,CVV,RRR,164,54,109.0,False,False,False,True,False,同手3連
1778934176,R2,R4,L2,右薬指,右人差し指,左薬指,o,u,s,母音,母音,子音,2,VVC,RRL,54,65,59.5,False,False,False,False,False,混合
1778934176,R4,L2,R4,右人差し指,左薬指,右人差し指,u,s,u,母音,子音,母音,2,VCV,RLR,65,110,87.5,False,False,False,False,True,左右交互
1778934176,L2,R4,L4,左薬指,右人差し指,左人差し指,s,u,r,子音,母音,子音,1,CVC,LRL,110,99,104.5,False,False,False,False,True,左右交互
1778934176,R4,L4,R4,右人差し指,左人差し指,右人差し指,u,r,u,母音,子音,母音,2,VCV,RLR,99,57,78.0,False,False,False,False,True,左右交互
1778934176,L4,R4,L1,左人差し指,右人差し指,左小指,r,u,a,子音,母音,母音,2,CVV,LRL,57,465,261.0,False,False,False,False,True,左右交互
1778934176,R4,L1,R4,右人差し指,左小指,右人差し指,u,a,m,母音,母音,子音,2,VVC,RLR,465,66,265.5,False,False,False,False,True,左右交互
1778934176,L1,R4,L3,左小指,右人差し指,左中指,a,m,e,母音,子音,母音,2,VCV,LRL,66,84,75.0,False,False,False,False,True,左右交互
1778934176,R4,L3,L4,右人差し指,左中指,左人差し指,m,e,g,子音,母音,子音,1,CVC,RLL,84,179,131.5,False,False,False,False,False,混合
1778934176,L3,L4,L1,左中指,左人差し指,左小指,e,g,a,母音,子音,母音,2,VCV,LLL,179,25,102.0,False,False,False,True,False,同手3連
1778934176,L4,L1,R4,左人差し指,左小指,右人差し指,g,a,y,子音,母音,子音,1,CVC,LLR,25,51,38.0,False,False,False,False,False,混合
1778934176,L1,R4,L1,左小指,右人差し指,左小指,a,y,a,母音,子音,母音,2,VCV,LRL,51,105,78.0,False,False,False,False,True,左右交互
1778934176,R4,L1,R4,右人差し指,左小指,右人差し指,y,a,n,子音,母音,子音,1,CVC,RLR,105,78,91.5,False,False,False,False,True,左右交互
1778934176,L1,R4,L3,左小指,右人差し指,左中指,a,n,d,母音,子音,子音,1,VCC,LRL,78,80,79.0,False,False,False,False,True,左右交互
1778934176,R4,L3,L1,右人差し指,左中指,左小指,n,d,a,子音,子音,母音,1,CCV,RLL,80,81,80.5,False,False,False,False,False,混合
1778934176,L3,L1,L4,左中指,左小指,左人差し指,d,a,r,子音,母音,子音,1,CVC,LLL,81,102,91.5,False,False,False,True,False,同手3連
1778934176,L1,L4,L1,左小指,左人差し指,左小指,a,r,a,母音,子音,母音,2,VCV,LLL,102,75,88.5,False,False,False,True,False,同手3連
1778934176,L4,L1,R4,左人差し指,左小指,右人差し指,r,a,n,子音,母音,子音,1,CVC,LLR,75,6,40.5,False,False,False,False,False,混合
1778934176,L1,R4,R3,左小指,右人差し指,右中指,a,n,i,母音,子音,母音,2,VCV,LRR,6,67,36.5,False,False,False,False,False,混合
1778934176,R4,R3,L1,右人差し指,右中指,左小指,n,i,z,子音,母音,子音,1,CVC,RRL,67,108,87.5,False,False,False,False,False,混合
1778934176,R3,L1,R3,右中指,左小指,右中指,i,z,i,母音,子音,母音,2,VCV,RLR,108,79,93.5,False,False,False,False,True,左右交互
1778934176,L1,R3,L4,左小指,右中指,左人差し指,z,i,g,子音,母音,子音,1,CVC,LRL,79,101,90.0,False,False,False,False,True,左右交互
1778934176,R3,L4,L1,右中指,左人差し指,左小指,i,g,a,母音,子音,母音,2,VCV,RLL,101,29,65.0,False,False,False,False,False,混合
1778934176,L4,L1,L3,左人差し指,左小指,左中指,g,a,d,子音,母音,子音,1,CVC,LLL,29,142,85.5,False,False,False,True,False,同手3連
1778934176,L1,L3,L3,左小指,左中指,左中指,a,d,e,母音,子音,母音,2,VCV,LLL,142,184,163.0,False,False,True,True,False,同指連打
1778934176,L3,L3,L4,左中指,左中指,左人差し指,d,e,t,子音,母音,子音,1,CVC,LLL,184,133,158.5,False,False,True,True,False,同指連打
1778934176,L3,L4,L1,左中指,左人差し指,左小指,e,t,a,母音,子音,母音,2,VCV,LLL,133,48,90.5,False,False,False,True,False,同手3連
1778934176,L4,L1,L3,左人差し指,左小指,左中指,t,a,d,子音,母音,子音,1,CVC,LLL,48,459,253.5,False,False,False,True,False,同手3連
1778934176,L1,L3,L3,左小指,左中指,左中指,a,d,e,母音,子音,母音,2,VCV,LLL,459,170,314.5,False,False,True,True,False,同指連打
1778934176,L3,L3,L3,左中指,左中指,左中指,d,e,d,子音,母音,子音,1,CVC,LLL,170,164,167.0,False,False,True,True,False,同指連打
1778934176,L3,L3,L1,左中指,左中指,左小指,e,d,a,母音,子音,母音,2,VCV,LLL,164,70,117.0,False,False,True,True,False,同指連打
1778934176,L3,L1,L4,左中指,左小指,左人差し指,d,a,g,子音,母音,子音,1,CVC,LLL,70,140,105.0,False,False,False,True,False,同手3連
1778934176,L1,L4,L3,左小指,左人差し指,左中指,a,g,e,母音,子音,母音,2,VCV,LLL,140,88,114.0,False,False,False,True,False,同手3連
1778934176,L4,L3,L4,左人差し指,左中指,左人差し指,g,e,g,子音,母音,子音,1,CVC,LLL,88,139,113.5,False,False,False,True,False,同手3連
1778934176,L3,L4,R4,左中指,左人差し指,右人差し指,e,g,h,母音,子音,子音,1,VCC,LLR,139,65,102.0,False,False,False,False,False,混合
1778934176,L4,R4,L1,左人差し指,右人差し指,左小指,g,h,a,子音,子音,母音,1,CCV,LRL,65,5,35.0,False,False,False,False,True,左右交互
1778934176,R4,L1,R4,右人差し指,左小指,右人差し指,h,a,u,子音,母音,母音,2,CVV,RLR,5,43,24.0,False,False,False,False,True,左右交互
1778934176,L1,R4,L3,左小指,右人差し指,左中指,a,u,e,母音,母音,母音,3,VVV,LRL,43,150,96.5,False,False,False,False,True,左右交互
1778934176,R4,L3,L4,右人差し指,左中指,左人差し指,u,e,t,母音,母音,子音,2,VVC,RLL,150,168,159.0,False,False,False,False,False,混合
1778934176,L3,L4,L3,左中指,左人差し指,左中指,e,t,e,母音,子音,母音,2,VCV,LLL,168,73,120.5,False,False,False,True,False,同手3連
1778934176,L4,L3,R4,左人差し指,左中指,右人差し指,t,e,h,子音,母音,子音,1,CVC,LLR,73,599,336.0,False,False,False,False,False,混合
1778934176,L3,R4,R4,左中指,右人差し指,右人差し指,e,h,u,母音,子音,母音,2,VCV,LRR,599,39,319.0,False,False,True,False,False,同指連打
1778934176,R4,R4,L3,右人差し指,右人差し指,左中指,h,u,e,子音,母音,母音,2,CVV,RRL,39,85,62.0,False,False,True,False,False,同指連打
1778934176,R4,L3,L4,右人差し指,左中指,左人差し指,u,e,t,母音,母音,子音,2,VVC,RLL,85,157,121.0,False,False,False,False,False,混合
1778934176,L3,L4,L3,左中指,左人差し指,左中指,e,t,e,母音,子音,母音,2,VCV,LLL,157,68,112.5,False,False,False,True,False,同手3連
1778934176,L4,L3,R3,左人差し指,左中指,右中指,t,e,k,子音,母音,子音,1,CVC,LLR,68,91,79.5,False,False,False,False,False,混合
1778934176,L3,R3,R3,左中指,右中指,右中指,e,k,i,母音,子音,母音,2,VCV,LRR,91,187,139.0,False,False,True,False,False,同指連打
1778934176,R3,R3,R3,右中指,右中指,右中指,k,i,i,子音,母音,母音,2,CVV,RRR,187,208,197.5,False,False,True,True,False,同指連打
1778934176,R3,R3,R4,右中指,右中指,右人差し指,i,i,n,母音,母音,子音,2,VVC,RRR,208,238,223.0,False,False,True,True,False,同指連打
1778934176,R3,R4,R3,右中指,右人差し指,右中指,i,n,i,母音,子音,母音,2,VCV,RRR,238,315,276.5,False,False,False,True,False,同手3連
1778934176,R4,R3,R4,右人差し指,右中指,右人差し指,n,i,n,子音,母音,子音,1,CVC,RRR,315,152,233.5,False,False,False,True,False,同手3連
1778934176,R3,R4,L1,右中指,右人差し指,左小指,i,n,a,母音,子音,母音,2,VCV,RRL,152,42,97.0,False,False,False,False,False,混合
1778934176,R4,L1,L4,右人差し指,左小指,左人差し指,n,a,r,子音,母音,子音,1,CVC,RLL,42,84,63.0,False,False,False,False,False,混合
1778934176,L1,L4,R3,左小指,左人差し指,右中指,a,r,i,母音,子音,母音,2,VCV,LLR,84,69,76.5,False,False,False,False,False,混合
1778934176,L4,R3,R4,左人差し指,右中指,右人差し指,r,i,m,子音,母音,子音,1,CVC,LRR,69,111,90.0,False,False,False,False,False,混合
1778934176,R3,R4,L1,右中指,右人差し指,左小指,i,m,a,母音,子音,母音,2,VCV,RRL,111,40,75.5,False,False,False,False,False,混合
1778934176,R4,L1,L2,右人差し指,左小指,左薬指,m,a,s,子音,母音,子音,1,CVC,RLL,40,52,46.0,False,False,False,False,False,混合
1778934176,L1,L2,R4,左小指,左薬指,右人差し指,a,s,u,母音,子音,母音,2,VCV,LLR,52,79,65.5,False,False,False,False,False,混合
1778934176,L2,R4,R4,左薬指,右人差し指,右人差し指,s,u,n,子音,母音,子音,1,CVC,LRR,79,531,305.0,False,False,True,False,False,同指連打
1778934176,R4,R4,L1,右人差し指,右人差し指,左小指,u,n,a,母音,子音,母音,2,VCV,RRL,531,65,298.0,False,False,True,False,False,同指連打
1778934176,R4,L1,R4,右人差し指,左小指,右人差し指,n,a,m,子音,母音,子音,1,CVC,RLR,65,116,90.5,False,False,False,False,True,左右交互
1778934176,L1,R4,L1,左小指,右人差し指,左小指,a,m,a,母音,子音,母音,2,VCV,LRL,116,57,86.5,False,False,False,False,True,左右交互
1778934176,R4,L1,R4,右人差し指,左小指,右人差し指,m,a,m,子音,母音,子音,1,CVC,RLR,57,70,63.5,False,False,False,False,True,左右交互
1778934176,L1,R4,R4,左小指,右人差し指,右人差し指,a,m,u,母音,子音,母音,2,VCV,LRR,70,173,121.5,False,False,True,False,False,同指連打
1778934176,R4,R4,L4,右人差し指,右人差し指,左人差し指,m,u,g,子音,母音,子音,1,CVC,RRL,173,94,133.5,False,False,True,False,False,同指連打
1778934176,R4,L4,R3,右人差し指,左人差し指,右中指,u,g,i,母音,子音,母音,2,VCV,RLR,94,45,69.5,False,False,False,False,True,左右交互
1778934176,L4,R3,R4,左人差し指,右中指,右人差し指,g,i,n,子音,母音,子音,1,CVC,LRR,45,132,88.5,False,False,False,False,False,混合
1778934176,R3,R4,L1,右中指,右人差し指,左小指,i,n,a,母音,子音,母音,2,VCV,RRL,132,50,91.0,False,False,False,False,False,混合
1778934176,R4,L1,R4,右人差し指,左小指,右人差し指,n,a,m,子音,母音,子音,1,CVC,RLR,50,99,74.5,False,False,False,False,True,左右交互
1778934176,L1,R4,L1,左小指,右人差し指,左小指,a,m,a,母音,子音,母音,2,VCV,LRL,99,51,75.0,False,False,False,False,True,左右交互
1778934176,R4,L1,L4,右人差し指,左小指,左人差し指,m,a,g,子音,母音,子音,1,CVC,RLL,51,55,53.0,False,False,False,False,False,混合
1778934176,L1,L4,R2,左小指,左人差し指,右薬指,a,g,o,母音,子音,母音,2,VCV,LLR,55,66,60.5,False,False,False,False,False,混合
1778934176,L4,R2,R4,左人差し指,右薬指,右人差し指,g,o,m,子音,母音,子音,1,CVC,LRR,66,112,89.0,False,False,False,False,False,混合
1778934176,R2,R4,L3,右薬指,右人差し指,左中指,o,m,e,母音,子音,母音,2,VCV,RRL,112,89,100.5,False,False,False,False,False,混合
1778934176,R4,L3,R4,右人差し指,左中指,右人差し指,m,e,n,子音,母音,子音,1,CVC,RLR,89,84,86.5,False,False,False,False,True,左右交互
1778934176,L3,R4,L1,左中指,右人差し指,左小指,e,n,a,母音,子音,母音,2,VCV,LRL,84,69,76.5,False,False,False,False,True,左右交互
1778934176,R4,L1,R4,右人差し指,左小指,右人差し指,n,a,m,子音,母音,子音,1,CVC,RLR,69,82,75.5,False,False,False,False,True,左右交互
1778934176,L1,R4,L1,左小指,右人差し指,左小指,a,m,a,母音,子音,母音,2,VCV,LRL,82,75,78.5,False,False,False,False,True,左右交互
1778934176,R4,L1,L4,右人差し指,左小指,左人差し指,m,a,t,子音,母音,子音,1,CVC,RLL,75,122,98.5,False,False,False,False,False,混合
1778934176,L1,L4,L1,左小指,左人差し指,左小指,a,t,a,母音,子音,母音,2,VCV,LLL,122,79,100.5,False,False,False,True,False,同手3連
1778934176,L4,L1,R4,左人差し指,左小指,右人差し指,t,a,m,子音,母音,子音,1,CVC,LLR,79,52,65.5,False,False,False,False,False,混合
1778934176,L1,R4,L1,左小指,右人差し指,左小指,a,m,a,母音,子音,母音,2,VCV,LRL,52,92,72.0,False,False,False,False,True,左右交互
1778934176,R4,L1,L4,右人差し指,左小指,左人差し指,m,a,g,子音,母音,子音,1,CVC,RLL,92,54,73.0,False,False,False,False,False,混合
1778934176,L1,L4,R2,左小指,左人差し指,右薬指,a,g,o,母音,子音,母音,2,VCV,LLR,54,62,58.0,False,False,False,False,False,混合
1778934176,L4,R2,R4,左人差し指,右薬指,右人差し指,g,o,m,子音,母音,子音,1,CVC,LRR,62,481,271.5,False,False,False,False,False,混合
1778934176,R2,R4,R2,右薬指,右人差し指,右薬指,o,m,o,母音,子音,母音,2,VCV,RRR,481,185,333.0,False,False,False,True,False,同手3連
1778934176,R4,R2,R4,右人差し指,右薬指,右人差し指,m,o,u,子音,母音,母音,2,CVV,RRR,185,42,113.5,False,False,False,True,False,同手3連
1778934176,R2,R4,L3,右薬指,右人差し指,左中指,o,u,d,母音,母音,子音,2,VVC,RRL,42,73,57.5,False,False,False,False,False,混合
1778934176,R4,L3,L1,右人差し指,左中指,左小指,u,d,a,母音,子音,母音,2,VCV,RLL,73,54,63.5,False,False,False,False,False,混合
1778934176,L3,L1,R4,左中指,左小指,右人差し指,d,a,m,子音,母音,子音,1,CVC,LLR,54,83,68.5,False,False,False,False,False,混合
1778934176,L1,R4,L3,左小指,右人差し指,左中指,a,m,e,母音,子音,母音,2,VCV,LRL,83,83,83.0,False,False,False,False,True,左右交互
1778934176,R4,L3,L3,右人差し指,左中指,左中指,m,e,d,子音,母音,子音,1,CVC,RLL,83,141,112.0,False,False,True,False,False,同指連打
1778934176,L3,L3,L1,左中指,左中指,左小指,e,d,a,母音,子音,母音,2,VCV,LLL,141,48,94.5,False,False,True,True,False,同指連打
1778934176,L3,L1,R3,左中指,左小指,右中指,d,a,",",子音,母音,子音,1,CVC,LLR,48,45,46.5,False,False,False,False,False,混合
1778934176,L1,R3,R3,左小指,右中指,右中指,a,",",k,母音,子音,子音,1,VCC,LRR,45,187,116.0,False,False,True,False,False,同指連打
1778934176,R3,R3,R2,右中指,右中指,右薬指,",",k,o,子音,子音,母音,1,CCV,RRR,187,151,169.0,False,False,True,True,False,同指連打
1778934176,R3,R2,R4,右中指,右薬指,右人差し指,k,o,u,子音,母音,母音,2,CVV,RRR,151,43,97.0,False,False,False,True,False,同手3連
1778934176,R2,R4,L2,右薬指,右人差し指,左薬指,o,u,s,母音,母音,子音,2,VVC,RRL,43,79,61.0,False,False,False,False,False,混合
1778934176,R4,L2,L1,右人差し指,左薬指,左小指,u,s,a,母音,子音,母音,2,VCV,RLL,79,56,67.5,False,False,False,False,False,混合
1778934176,L2,L1,R4,左薬指,左小指,右人差し指,s,a,n,子音,母音,子音,1,CVC,LLR,56,78,67.0,False,False,False,False,False,混合
1778934176,L1,R4,L2,左小指,右人差し指,左薬指,a,n,s,母音,子音,子音,1,VCC,LRL,78,74,76.0,False,False,False,False,True,左右交互
1778934176,R4,L2,R3,右人差し指,左薬指,右中指,n,s,i,子音,子音,母音,1,CCV,RLR,74,84,79.0,False,False,False,False,True,左右交互
1778934176,L2,R3,R4,左薬指,右中指,右人差し指,s,i,y,子音,母音,子音,1,CVC,LRR,84,160,122.0,False,False,False,False,False,混合
1778934176,R3,R4,R2,右中指,右人差し指,右薬指,i,y,o,母音,子音,母音,2,VCV,RRR,160,160,160.0,False,False,False,True,False,同手3連
1778934176,R4,R2,R4,右人差し指,右薬指,右人差し指,y,o,u,子音,母音,母音,2,CVV,RRR,160,18,89.0,False,False,False,True,False,同手3連
1778934176,R2,R4,R3,右薬指,右人差し指,右中指,o,u,k,母音,母音,子音,2,VVC,RRR,18,444,231.0,False,False,False,True,False,同手3連
1778934176,R4,R3,R3,右人差し指,右中指,右中指,u,k,i,母音,子音,母音,2,VCV,RRR,444,167,305.5,False,False,True,True,False,同指連打
1778934176,R3,R3,R4,右中指,右中指,右人差し指,k,i,h,子音,母音,子音,1,CVC,RRR,167,154,160.5,False,False,True,True,False,同指連打
1778934176,R3,R4,R2,右中指,右人差し指,右薬指,i,h,o,母音,子音,母音,2,VCV,RRR,154,30,92.0,False,False,False,True,False,同手3連
1778934176,R4,R2,R4,右人差し指,右薬指,右人差し指,h,o,n,子音,母音,子音,1,CVC,RRR,30,147,88.5,False,False,False,True,False,同手3連
1778934176,R2,R4,L4,右薬指,右人差し指,左人差し指,o,n,t,母音,子音,子音,1,VCC,RRL,147,82,114.5,False,False,False,False,False,混合
1778934176,R4,L4,L3,右人差し指,左人差し指,左中指,n,t,e,子音,子音,母音,1,CCV,RLL,82,59,70.5,False,False,False,False,False,混合
1778934176,L4,L3,R3,左人差し指,左中指,右中指,t,e,k,子音,母音,子音,1,CVC,LLR,59,40,49.5,False,False,False,False,False,混合
1778934176,L3,R3,R3,左中指,右中指,右中指,e,k,i,母音,子音,母音,2,VCV,LRR,40,164,102.0,False,False,True,False,False,同指連打
1778934176,R3,R3,L1,右中指,右中指,左小指,k,i,z,子音,母音,子音,1,CVC,RRL,164,67,115.5,False,False,True,False,False,同指連打
1778934176,R3,L1,R3,右中指,左小指,右中指,i,z,i,母音,子音,母音,2,VCV,RLR,67,62,64.5,False,False,False,False,True,左右交互
1778934176,L1,R3,R4,左小指,右中指,右人差し指,z,i,n,子音,母音,子音,1,CVC,LRR,62,101,81.5,False,False,False,False,False,混合
1778934176,R3,R4,R3,右中指,右人差し指,右中指,i,n,k,母音,子音,子音,1,VCC,RRR,101,121,111.0,False,False,False,True,False,同手3連
1778934176,R4,R3,L3,右人差し指,右中指,左中指,n,k,e,子音,子音,母音,1,CCV,RRL,121,82,101.5,False,False,False,False,False,混合
1778934176,R3,L3,R4,右中指,左中指,右人差し指,k,e,n,子音,母音,子音,1,CVC,RLR,82,101,91.5,False,False,False,False,True,左右交互
1778934176,L3,R4,R4,左中指,右人差し指,右人差し指,e,n,n,母音,子音,子音,1,VCC,LRR,101,126,113.5,False,False,True,False,False,同指連打
1778934176,R4,R4,R4,右人差し指,右人差し指,右人差し指,n,n,n,子音,子音,子音,0,CCC,RRR,126,122,124.0,False,False,True,True,False,同指連打
1778934176,R4,R4,R2,右人差し指,右人差し指,右薬指,n,n,o,子音,子音,母音,1,CCV,RRR,122,45,83.5,False,False,True,True,False,同指連打
1778934176,R4,R2,L2,右人差し指,右薬指,左薬指,n,o,s,子音,母音,子音,1,CVC,RRL,45,64,54.5,False,False,False,False,False,混合
1778934176,R2,L2,R2,右薬指,左薬指,右薬指,o,s,o,母音,子音,母音,2,VCV,RLR,64,90,77.0,False,False,False,False,True,左右交互
1778934176,L2,R2,R4,左薬指,右薬指,右人差し指,s,o,n,子音,母音,子音,1,CVC,LRR,90,55,72.5,False,False,False,False,False,混合
1778934176,R2,R4,L4,右薬指,右人差し指,左人差し指,o,n,t,母音,子音,子音,1,VCC,RRL,55,140,97.5,False,False,False,False,False,混合
1778934176,R4,L4,R4,右人差し指,左人差し指,右人差し指,n,t,y,子音,子音,子音,0,CCC,RLR,140,79,109.5,False,False,False,False,True,左右交互
1778934176,L4,R4,R2,左人差し指,右人差し指,右薬指,t,y,o,子音,子音,母音,1,CCV,LRR,79,132,105.5,False,False,False,False,False,混合
1778934176,R4,R2,R4,右人差し指,右薬指,右人差し指,y,o,u,子音,母音,母音,2,CVV,RRR,132,44,88.0,False,False,False,True,False,同手3連
1778934176,R2,R4,L4,右薬指,右人差し指,左人差し指,o,u,g,母音,母音,子音,2,VVC,RRL,44,470,257.0,False,False,False,False,False,混合
1778934176,R4,L4,L3,右人差し指,左人差し指,左中指,u,g,e,母音,子音,母音,2,VCV,RLL,470,159,314.5,False,False,False,False,False,混合
1778934176,L4,L3,L4,左人差し指,左中指,左人差し指,g,e,r,子音,母音,子音,1,CVC,LLL,159,81,120.0,False,False,False,True,False,同手3連
1778934176,L3,L4,R4,左中指,左人差し指,右人差し指,e,r,u,母音,子音,母音,2,VCV,LLR,81,21,51.0,False,False,False,False,False,混合
1778934176,L4,R4,R4,左人差し指,右人差し指,右人差し指,r,u,m,子音,母音,子音,1,CVC,LRR,21,163,92.0,False,False,True,False,False,同指連打
1778934176,R4,R4,L1,右人差し指,右人差し指,左小指,u,m,a,母音,子音,母音,2,VCV,RRL,163,62,112.5,False,False,True,False,False,同指連打
1778934176,R4,L1,R4,右人差し指,左小指,右人差し指,m,a,n,子音,母音,子音,1,CVC,RLR,62,84,73.0,False,False,False,False,True,左右交互
1778934176,L1,R4,R4,左小指,右人差し指,右人差し指,a,n,m,母音,子音,子音,1,VCC,LRR,84,158,121.0,False,False,True,False,False,同指連打
1778934176,R4,R4,R3,右人差し指,右人差し指,右中指,n,m,i,子音,子音,母音,1,CCV,RRR,158,35,96.5,False,False,True,True,False,同指連打
1778934176,R4,R3,R4,右人差し指,右中指,右人差し指,m,i,n,子音,母音,子音,1,CVC,RRR,35,171,103.0,False,False,False,True,False,同手3連
1778934176,R3,R4,L1,右中指,右人差し指,左小指,i,n,z,母音,子音,子音,1,VCC,RRL,171,80,125.5,False,False,False,False,False,混合
1778934176,R4,L1,R2,右人差し指,左小指,右薬指,n,z,o,子音,子音,母音,1,CCV,RLR,80,76,78.0,False,False,False,False,True,左右交互
1778934176,L1,R2,R3,左小指,右薬指,右中指,z,o,k,子音,母音,子音,1,CVC,LRR,76,170,123.0,False,False,False,False,False,混合
1778934176,R2,R3,R4,右薬指,右中指,右人差し指,o,k,u,母音,子音,母音,2,VCV,RRR,170,68,119.0,False,False,False,True,False,同手3連
1778934176,R3,R4,R4,右中指,右人差し指,右人差し指,k,u,n,子音,母音,子音,1,CVC,RRR,68,162,115.0,False,False,True,True,False,同指連打
1778934176,R4,R4,R2,右人差し指,右人差し指,右薬指,u,n,o,母音,子音,母音,2,VCV,RRR,162,54,108.0,False,False,True,True,False,同指連打
1778934176,R4,R2,L3,右人差し指,右薬指,左中指,n,o,d,子音,母音,子音,1,CVC,RRL,54,91,72.5,False,False,False,False,False,混合
1778934176,R2,L3,L1,右薬指,左中指,左小指,o,d,a,母音,子音,母音,2,VCV,RLL,91,50,70.5,False,False,False,False,False,混合
1778934176,L3,L1,R3,左中指,左小指,右中指,d,a,i,子音,母音,母音,2,CVV,LLR,50,60,55.0,False,False,False,False,False,混合
1778934176,L1,R3,R3,左小指,右中指,右中指,a,i,i,母音,母音,母音,3,VVV,LRR,60,124,92.0,False,False,True,False,False,同指連打
1778934176,R3,R3,L3,右中指,右中指,左中指,i,i,d,母音,母音,子音,2,VVC,RRL,124,78,101.0,False,False,True,False,False,同指連打
1778934176,R3,L3,R2,右中指,左中指,右薬指,i,d,o,母音,子音,母音,2,VCV,RLR,78,95,86.5,False,False,False,False,True,左右交互
1778934176,L3,R2,R4,左中指,右薬指,右人差し指,d,o,u,子音,母音,母音,2,CVV,LRR,95,18,56.5,False,False,False,False,False,混合
1778934176,R2,R4,R2,右薬指,右人差し指,右薬指,o,u,o,母音,母音,母音,3,VVV,RRR,18,453,235.5,False,False,False,True,False,同手3連
1778934176,R4,R2,R4,右人差し指,右薬指,右人差し指,u,o,y,母音,母音,子音,2,VVC,RRR,453,162,307.5,False,False,False,True,False,同手3連
1778934176,R2,R4,L1,右薬指,右人差し指,左小指,o,y,a,母音,子音,母音,2,VCV,RRL,162,67,114.5,False,False,False,False,False,混合
1778934176,R4,L1,L4,右人差し指,左小指,左人差し指,y,a,t,子音,母音,子音,1,CVC,RLL,67,93,80.0,False,False,False,False,False,混合
1778934176,L1,L4,R4,左小指,左人差し指,右人差し指,a,t,u,母音,子音,母音,2,VCV,LLR,93,52,72.5,False,False,False,False,False,混合
1778934176,L4,R4,R4,左人差し指,右人差し指,右人差し指,t,u,h,子音,母音,子音,1,CVC,LRR,52,158,105.0,False,False,True,False,False,同指連打
1778934176,R4,R4,L1,右人差し指,右人差し指,左小指,u,h,a,母音,子音,母音,2,VCV,RRL,158,28,93.0,False,False,True,False,False,同指連打
1778934176,R4,L1,L4,右人差し指,左小指,左人差し指,h,a,t,子音,母音,子音,1,CVC,RLL,28,78,53.0,False,False,False,False,False,混合
1778934176,L1,L4,R2,左小指,左人差し指,右薬指,a,t,o,母音,子音,母音,2,VCV,LLR,78,47,62.5,False,False,False,False,False,混合
1778934176,L4,R2,L3,左人差し指,右薬指,左中指,t,o,d,子音,母音,子音,1,CVC,LRL,47,110,78.5,False,False,False,False,True,左右交互
1778934176,R2,L3,L1,右薬指,左中指,左小指,o,d,a,母音,子音,母音,2,VCV,RLL,110,41,75.5,False,False,False,False,False,混合
1778934176,L3,L1,R4,左中指,左小指,右人差し指,d,a,n,子音,母音,子音,1,CVC,LLR,41,82,61.5,False,False,False,False,False,混合
1778934176,L1,R4,L1,左小指,右人差し指,左小指,a,n,a,母音,子音,母音,2,VCV,LRL,82,86,84.0,False,False,False,False,True,左右交互
1778934176,R4,L1,R4,右人差し指,左小指,右人差し指,n,a,n,子音,母音,子音,1,CVC,RLR,86,59,72.5,False,False,False,False,True,左右交互
1778934176,L1,R4,R3,左小指,右人差し指,右中指,a,n,i,母音,子音,母音,2,VCV,LRR,59,45,52.0,False,False,False,False,False,混合
1778934176,R4,R3,R4,右人差し指,右中指,右人差し指,n,i,h,子音,母音,子音,1,CVC,RRR,45,130,87.5,False,False,False,True,False,同手3連
1778934176,R3,R4,L1,右中指,右人差し指,左小指,i,h,a,母音,子音,母音,2,VCV,RRL,130,84,107.0,False,False,False,False,False,混合
1778934176,R4,L1,R3,右人差し指,左小指,右中指,h,a,i,子音,母音,母音,2,CVV,RLR,84,63,73.5,False,False,False,False,True,左右交互
1778934176,L1,R3,L4,左小指,右中指,左人差し指,a,i,t,母音,母音,子音,2,VVC,LRL,63,93,78.0,False,False,False,False,True,左右交互
1778934176,R3,L4,L4,右中指,左人差し指,左人差し指,i,t,t,母音,子音,子音,1,VCC,RLL,93,173,133.0,False,False,True,False,False,同指連打
1778934176,L4,L4,L3,左人差し指,左人差し指,左中指,t,t,e,子音,子音,母音,1,CCV,LLL,173,62,117.5,False,False,True,True,False,同指連打
1778934176,L4,L3,R3,左人差し指,左中指,右中指,t,e,i,子音,母音,母音,2,CVV,LLR,62,44,53.0,False,False,False,False,False,混合
1778934176,L3,R3,R4,左中指,右中指,右人差し指,e,i,m,母音,母音,子音,2,VVC,LRR,44,130,87.0,False,False,False,False,False,混合
1778934176,R3,R4,L1,右中指,右人差し指,左小指,i,m,a,母音,子音,母音,2,VCV,RRL,130,48,89.0,False,False,False,False,False,混合
1778934176,R4,L1,L2,右人差し指,左小指,左薬指,m,a,s,子音,母音,子音,1,CVC,RLL,48,48,48.0,False,False,False,False,False,混合
1778934176,L1,L2,R4,左小指,左薬指,右人差し指,a,s,u,母音,子音,母音,2,VCV,LLR,48,73,60.5,False,False,False,False,False,混合
1778934176,L2,R4,L4,左薬指,右人差し指,左人差し指,s,u,t,子音,母音,子音,1,CVC,LRL,73,457,265.0,False,False,False,False,True,左右交互
1778934176,R4,L4,L1,右人差し指,左人差し指,左小指,u,t,a,母音,子音,母音,2,VCV,RLL,457,35,246.0,False,False,False,False,False,混合
1778934176,L4,L1,L4,左人差し指,左小指,左人差し指,t,a,t,子音,母音,子音,1,CVC,LLL,35,161,98.0,False,False,False,True,False,同手3連
1778934176,L1,L4,L1,左小指,左人差し指,左小指,a,t,a,母音,子音,母音,2,VCV,LLL,161,36,98.5,False,False,False,True,False,同手3連
1778934176,L4,L1,R4,左人差し指,左小指,右人差し指,t,a,m,子音,母音,子音,1,CVC,LLR,36,48,42.0,False,False,False,False,False,混合
1778934176,L1,R4,R3,左小指,右人差し指,右中指,a,m,i,母音,子音,母音,2,VCV,LRR,48,59,53.5,False,False,False,False,False,混合
1778934176,R4,R3,R4,右人差し指,右中指,右人差し指,m,i,n,子音,母音,子音,1,CVC,RRR,59,159,109.0,False,False,False,True,False,同手3連
1778934176,R3,R4,R3,右中指,右人差し指,右中指,i,n,i,母音,子音,母音,2,VCV,RRR,159,48,103.5,False,False,False,True,False,同手3連
1778934176,R4,R3,R3,右人差し指,右中指,右中指,n,i,k,子音,母音,子音,1,CVC,RRR,48,184,116.0,False,False,True,True,False,同指連打
1778934176,R3,R3,R3,右中指,右中指,右中指,i,k,i,母音,子音,母音,2,VCV,RRR,184,154,169.0,False,False,True,True,False,同指連打
1778934176,R3,R3,R4,右中指,右中指,右人差し指,k,i,n,子音,母音,子音,1,CVC,RRR,154,112,133.0,False,False,True,True,False,同指連打
1778934176,R3,R4,R2,右中指,右人差し指,右薬指,i,n,o,母音,子音,母音,2,VCV,RRR,112,42,77.0,False,False,False,True,False,同手3連
1778934176,R4,R2,R3,右人差し指,右薬指,右中指,n,o,k,子音,母音,子音,1,CVC,RRR,42,180,111.0,False,False,False,True,False,同手3連
1778934176,R2,R3,R2,右薬指,右中指,右薬指,o,k,o,母音,子音,母音,2,VCV,RRR,180,49,114.5,False,False,False,True,False,同手3連
1778934176,R3,R2,L4,右中指,右薬指,左人差し指,k,o,g,子音,母音,子音,1,CVC,RRL,49,77,63.0,False,False,False,False,False,混合
1778934176,R2,L4,L1,右薬指,左人差し指,左小指,o,g,a,母音,子音,母音,2,VCV,RLL,77,54,65.5,False,False,False,False,False,混合
1778934176,L4,L1,R4,左人差し指,左小指,右人差し指,g,a,h,子音,母音,子音,1,CVC,LLR,54,49,51.5,False,False,False,False,False,混合
1778934176,L1,R4,L1,左小指,右人差し指,左小指,a,h,a,母音,子音,母音,2,VCV,LRL,49,109,79.0,False,False,False,False,True,左右交互
1778934176,R4,L1,L3,右人差し指,左小指,左中指,h,a,e,子音,母音,母音,2,CVV,RLL,109,80,94.5,False,False,False,False,False,混合
1778934176,L1,L3,R4,左小指,左中指,右人差し指,a,e,m,母音,母音,子音,2,VVC,LLR,80,92,86.0,False,False,False,False,False,混合
1778934176,L3,R4,L1,左中指,右人差し指,左小指,e,m,a,母音,子音,母音,2,VCV,LRL,92,100,96.0,False,False,False,False,True,左右交互
1778934176,R4,L1,L2,右人差し指,左小指,左薬指,m,a,s,子音,母音,子音,1,CVC,RLL,100,54,77.0,False,False,False,False,False,混合
1778934176,L1,L2,R3,左小指,左薬指,右中指,a,s,i,母音,子音,母音,2,VCV,LLR,54,56,55.0,False,False,False,False,False,混合
1778934176,L2,R3,L4,左薬指,右中指,左人差し指,s,i,t,子音,母音,子音,1,CVC,LRL,56,90,73.0,False,False,False,False,True,左右交互
1778934176,R3,L4,L1,右中指,左人差し指,左小指,i,t,a,母音,子音,母音,2,VCV,RLL,90,43,66.5,False,False,False,False,False,混合
1778934176,L4,L1,L4,左人差し指,左小指,左人差し指,t,a,t,子音,母音,子音,1,CVC,LLL,43,485,264.0,False,False,False,True,False,同手3連
1778934176,L1,L4,R2,左小指,左人差し指,右薬指,a,t,o,母音,子音,母音,2,VCV,LLR,485,35,260.0,False,False,False,False,False,混合
1778934176,L4,R2,L4,左人差し指,右薬指,左人差し指,t,o,r,子音,母音,子音,1,CVC,LRL,35,147,91.0,False,False,False,False,True,左右交互
1778934176,R2,L4,R3,右薬指,左人差し指,右中指,o,r,i,母音,子音,母音,2,VCV,RLR,147,62,104.5,False,False,False,False,True,左右交互
1778934176,L4,R3,L1,左人差し指,右中指,左小指,r,i,a,子音,母音,母音,2,CVV,LRL,62,89,75.5,False,False,False,False,True,左右交互
1778934176,R3,L1,L3,右中指,左小指,左中指,i,a,e,母音,母音,母音,3,VVV,RLL,89,92,90.5,False,False,False,False,False,混合
1778934176,L1,L3,L1,左小指,左中指,左小指,a,e,z,母音,母音,子音,2,VVC,LLL,92,164,128.0,False,False,False,True,False,同手3連
1778934176,L3,L1,R4,左中指,左小指,右人差し指,e,z,u,母音,子音,母音,2,VCV,LLR,164,78,121.0,False,False,False,False,False,混合
1778934176,L1,R4,L4,左小指,右人差し指,左人差し指,z,u,b,子音,母音,子音,1,CVC,LRL,78,130,104.0,False,False,False,False,True,左右交互
1778934176,R4,L4,R3,右人差し指,左人差し指,右中指,u,b,i,母音,子音,母音,2,VCV,RLR,130,68,99.0,False,False,False,False,True,左右交互
1778934176,L4,R3,L4,左人差し指,右中指,左人差し指,b,i,r,子音,母音,子音,1,CVC,LRL,68,202,135.0,False,False,False,False,True,左右交互
1778934176,R3,L4,R4,右中指,左人差し指,右人差し指,i,r,u,母音,子音,母音,2,VCV,RLR,202,119,160.5,False,False,False,False,True,左右交互
1778934176,L4,R4,L4,左人差し指,右人差し指,左人差し指,r,u,t,子音,母音,子音,1,CVC,LRL,119,67,93.0,False,False,False,False,True,左右交互
1778934176,R4,L4,L4,右人差し指,左人差し指,左人差し指,u,t,r,母音,子音,子音,1,VCC,RLL,67,108,87.5,False,False,True,False,False,同指連打
1778934176,L4,L4,R4,左人差し指,左人差し指,右人差し指,t,r,u,子音,子音,母音,1,CCV,LLR,108,82,95.0,False,False,True,False,False,同指連打
1778934176,L4,R4,L4,左人差し指,右人差し指,左人差し指,r,u,t,子音,母音,子音,1,CVC,LRL,82,100,91.0,False,False,False,False,True,左右交互
1778934176,R4,L4,R4,右人差し指,左人差し指,右人差し指,u,t,y,母音,子音,子音,1,VCC,RLR,100,79,89.5,False,False,False,False,True,左右交互
1778934176,L4,R4,R2,左人差し指,右人差し指,右薬指,t,y,o,子音,子音,母音,1,CCV,LRR,79,111,95.0,False,False,False,False,False,混合
1778934176,R4,R2,R4,右人差し指,右薬指,右人差し指,y,o,u,子音,母音,母音,2,CVV,RRR,111,58,84.5,False,False,False,True,False,同手3連
1778934176,R2,R4,L3,右薬指,右人差し指,左中指,o,u,d,母音,母音,子音,2,VVC,RRL,58,56,57.0,False,False,False,False,False,混合
1778934176,R4,L3,L1,右人差し指,左中指,左小指,u,d,a,母音,子音,母音,2,VCV,RLL,56,38,47.0,False,False,False,False,False,混合
1778934176,L3,L1,R3,左中指,左小指,右中指,d,a,i,子音,母音,母音,2,CVV,LLR,38,81,59.5,False,False,False,False,False,混合
1778934176,L1,R3,L2,左小指,右中指,左薬指,a,i,s,母音,母音,子音,2,VVC,LRL,81,434,257.5,False,False,False,False,True,左右交互
1778934176,R3,L2,L3,右中指,左薬指,左中指,i,s,e,母音,子音,母音,2,VCV,RLL,434,63,248.5,False,False,False,False,False,混合
1778934176,L2,L3,R3,左薬指,左中指,右中指,s,e,i,子音,母音,母音,2,CVV,LLR,63,65,64.0,False,False,False,False,False,混合
1778934176,L3,R3,L2,左中指,右中指,左薬指,e,i,s,母音,母音,子音,2,VVC,LRL,65,89,77.0,False,False,False,False,True,左右交互
1778934176,R3,L2,R3,右中指,左薬指,右中指,i,s,i,母音,子音,母音,2,VCV,RLR,89,62,75.5,False,False,False,False,True,左右交互
1778934176,L2,R3,R4,左薬指,右中指,右人差し指,s,i,n,子音,母音,子音,1,CVC,LRR,62,133,97.5,False,False,False,False,False,混合
1778934176,R3,R4,R2,右中指,右人差し指,右薬指,i,n,o,母音,子音,母音,2,VCV,RRR,133,48,90.5,False,False,False,True,False,同手3連
1778934176,R4,R2,L2,右人差し指,右薬指,左薬指,n,o,s,子音,母音,子音,1,CVC,RRL,48,44,46.0,False,False,False,False,False,混合
1778934176,R2,L2,L1,右薬指,左薬指,左小指,o,s,a,母音,子音,母音,2,VCV,RLL,44,45,44.5,False,False,False,False,False,混合
1778934176,L2,L1,R3,左薬指,左小指,右中指,s,a,k,子音,母音,子音,1,CVC,LLR,45,117,81.0,False,False,False,False,False,混合
1778934176,L1,R3,L1,左小指,右中指,左小指,a,k,a,母音,子音,母音,2,VCV,LRL,117,46,81.5,False,False,False,False,True,左右交互
1778934176,R3,L1,R3,右中指,左小指,右中指,k,a,i,子音,母音,母音,2,CVV,RLR,46,104,75.0,False,False,False,False,True,左右交互
1778934176,L1,R3,L2,左小指,右中指,左薬指,a,i,w,母音,母音,子音,2,VVC,LRL,104,65,84.5,False,False,False,False,True,左右交互
1778934176,R3,L2,R2,右中指,左薬指,右薬指,i,w,o,母音,子音,母音,2,VCV,RLR,65,97,81.0,False,False,False,False,True,左右交互
1778934176,L2,R2,L2,左薬指,右薬指,左薬指,w,o,s,子音,母音,子音,1,CVC,LRL,97,100,98.5,False,False,False,False,True,左右交互
1778934176,R2,L2,L1,右薬指,左薬指,左小指,o,s,a,母音,子音,母音,2,VCV,RLL,100,34,67.0,False,False,False,False,False,混合
1778934176,L2,L1,R4,左薬指,左小指,右人差し指,s,a,m,子音,母音,子音,1,CVC,LLR,34,74,54.0,False,False,False,False,False,混合
1778934176,L1,R4,L1,左小指,右人差し指,左小指,a,m,a,母音,子音,母音,2,VCV,LRL,74,95,84.5,False,False,False,False,True,左右交互
1778934176,R4,L1,R4,右人差し指,左小指,右人差し指,m,a,y,子音,母音,子音,1,CVC,RLR,95,122,108.5,False,False,False,False,True,左右交互
1778934176,L1,R4,R2,左小指,右人差し指,右薬指,a,y,o,母音,子音,母音,2,VCV,LRR,122,128,125.0,False,False,False,False,False,混合
1778934176,R4,R2,R4,右人差し指,右薬指,右人差し指,y,o,u,子音,母音,母音,2,CVV,RRR,128,43,85.5,False,False,False,True,False,同手3連
1778934176,R2,R4,R3,右薬指,右人差し指,右中指,o,u,k,母音,母音,子音,2,VVC,RRR,43,449,246.0,False,False,False,True,False,同手3連
1778934176,R4,R3,R4,右人差し指,右中指,右人差し指,u,k,y,母音,子音,子音,1,VCC,RRR,449,188,318.5,False,False,False,True,False,同手3連
1778934176,R3,R4,L1,右中指,右人差し指,左小指,k,y,a,子音,子音,母音,1,CCV,RRL,188,57,122.5,False,False,False,False,False,混合
1778934176,R4,L1,R4,右人差し指,左小指,右人差し指,y,a,n,子音,母音,子音,1,CVC,RLR,57,105,81.0,False,False,False,False,True,左右交互
1778934176,L1,R4,R1,左小指,右人差し指,右小指,a,n,p,母音,子音,子音,1,VCC,LRR,105,130,117.5,False,False,False,False,False,混合
1778934176,R4,R1,L3,右人差し指,右小指,左中指,n,p,e,子音,子音,母音,1,CCV,RRL,130,94,112.0,False,False,False,False,False,混合
1778934176,R1,L3,R4,右小指,左中指,右人差し指,p,e,n,子音,母音,子音,1,CVC,RLR,94,166,130.0,False,False,False,False,True,左右交互
1778934176,L3,R4,L1,左中指,右人差し指,左小指,e,n,z,母音,子音,子音,1,VCC,LRL,166,70,118.0,False,False,False,False,True,左右交互
1778934176,R4,L1,R3,右人差し指,左小指,右中指,n,z,i,子音,子音,母音,1,CCV,RLR,70,93,81.5,False,False,False,False,True,左右交互
1778934176,L1,R3,L2,左小指,右中指,左薬指,z,i,s,子音,母音,子音,1,CVC,LRL,93,92,92.5,False,False,False,False,True,左右交互
1778934176,R3,L2,L2,右中指,左薬指,左薬指,i,s,s,母音,子音,子音,1,VCC,RLL,92,140,116.0,False,False,True,False,False,同指連打
1778934176,L2,L2,R3,左薬指,左薬指,右中指,s,s,i,子音,子音,母音,1,CCV,LLR,140,109,124.5,False,False,True,False,False,同指連打
1778934176,L2,R3,L4,左薬指,右中指,左人差し指,s,i,t,子音,母音,子音,1,CVC,LRL,109,74,91.5,False,False,False,False,True,左右交互
1778934176,R3,L4,R4,右中指,左人差し指,右人差し指,i,t,y,母音,子音,子音,1,VCC,RLR,74,93,83.5,False,False,False,False,True,左右交互
1778934176,L4,R4,R4,左人差し指,右人差し指,右人差し指,t,y,u,子音,子音,母音,1,CCV,LRR,93,37,65.0,False,False,True,False,False,同指連打
1778934176,R4,R4,R4,右人差し指,右人差し指,右人差し指,y,u,u,子音,母音,母音,2,CVV,RRR,37,129,83.0,False,False,True,True,False,同指連打
1778934176,R4,R4,R1,右人差し指,右人差し指,右小指,u,u,p,母音,母音,子音,2,VVC,RRR,129,482,305.5,False,False,True,True,False,同指連打
1778934176,R4,R1,L1,右人差し指,右小指,左小指,u,p,a,母音,子音,母音,2,VCV,RRL,482,78,280.0,False,False,False,False,False,混合
1778934176,R1,L1,L2,右小指,左小指,左薬指,p,a,s,子音,母音,子音,1,CVC,RLL,78,68,73.0,False,False,False,False,False,混合
1778934176,L1,L2,R2,左小指,左薬指,右薬指,a,s,o,母音,子音,母音,2,VCV,LLR,68,100,84.0,False,False,False,False,False,混合
1778934176,L2,R2,R4,左薬指,右薬指,右人差し指,s,o,n,子音,母音,子音,1,CVC,LRR,100,110,105.0,False,False,False,False,False,混合
1778934176,R2,R4,L1,右薬指,右人差し指,左小指,o,n,a,母音,子音,母音,2,VCV,RRL,110,72,91.0,False,False,False,False,False,混合
1778934176,R4,L1,L4,右人差し指,左小指,左人差し指,n,a,r,子音,母音,子音,1,CVC,RLL,72,60,66.0,False,False,False,False,False,混合
1778934176,L1,L4,R4,左小指,左人差し指,右人差し指,a,r,u,母音,子音,母音,2,VCV,LLR,60,75,67.5,False,False,False,False,False,混合
1778934176,L4,R4,R3,左人差し指,右人差し指,右中指,r,u,k,子音,母音,子音,1,CVC,LRR,75,179,127.0,False,False,False,False,False,混合
1778934176,R4,R3,R2,右人差し指,右中指,右薬指,u,k,o,母音,子音,母音,2,VCV,RRR,179,41,110.0,False,False,False,True,False,同手3連
1778934176,R3,R2,R4,右中指,右薬指,右人差し指,k,o,n,子音,母音,子音,1,CVC,RRR,41,113,77.0,False,False,False,True,False,同手3連
1778934176,R2,R4,R1,右薬指,右人差し指,右小指,o,n,p,母音,子音,子音,1,VCC,RRR,113,161,137.0,False,False,False,True,False,同手3連
1778934176,R4,R1,R4,右人差し指,右小指,右人差し指,n,p,y,子音,子音,子音,0,CCC,RRR,161,179,170.0,False,False,False,True,False,同手3連
1778934176,R1,R4,R4,右小指,右人差し指,右人差し指,p,y,u,子音,子音,母音,1,CCV,RRR,179,31,105.0,False,False,True,True,False,同指連打
1778934176,R4,R4,L4,右人差し指,右人差し指,左人差し指,y,u,t,子音,母音,子音,1,CVC,RRL,31,58,44.5,False,False,True,False,False,同指連打
1778934176,R4,L4,L1,右人差し指,左人差し指,左小指,u,t,a,母音,子音,母音,2,VCV,RLL,58,58,58.0,False,False,False,False,False,混合
1778934176,L4,L1,R3,左人差し指,左小指,右中指,t,a,k,子音,母音,子音,1,CVC,LLR,58,441,249.5,False,False,False,False,False,混合
1778934176,L1,R3,L1,左小指,右中指,左小指,a,k,a,母音,子音,母音,2,VCV,LRL,441,60,250.5,False,False,False,False,True,左右交互
1778934176,R3,L1,R4,右中指,左小指,右人差し指,k,a,n,子音,母音,子音,1,CVC,RLR,60,104,82.0,False,False,False,False,True,左右交互
1778934176,L1,R4,R4,左小指,右人差し指,右人差し指,a,n,n,母音,子音,子音,1,VCC,LRR,104,144,124.0,False,False,True,False,False,同指連打
1778934176,R4,R4,R4,右人差し指,右人差し指,右人差し指,n,n,n,子音,子音,子音,0,CCC,RRR,144,96,120.0,False,False,True,True,False,同指連打
1778934176,R4,R4,R4,右人差し指,右人差し指,右人差し指,n,n,u,子音,子音,母音,1,CCV,RRR,96,186,141.0,False,False,True,True,False,同指連打
1778934176,R4,R4,R3,右人差し指,右人差し指,右中指,n,u,k,子音,母音,子音,1,CVC,RRR,186,162,174.0,False,False,True,True,False,同指連打
1778934176,R4,R3,R3,右人差し指,右中指,右中指,u,k,k,母音,子音,子音,1,VCC,RRR,162,151,156.5,False,False,True,True,False,同指連打
1778934176,R3,R3,R4,右中指,右中指,右人差し指,k,k,u,子音,子音,母音,1,CCV,RRR,151,60,105.5,False,False,True,True,False,同指連打
1778934176,R3,R4,L2,右中指,右人差し指,左薬指,k,u,s,子音,母音,子音,1,CVC,RRL,60,67,63.5,False,False,False,False,False,混合
1778934176,R4,L2,L1,右人差し指,左薬指,左小指,u,s,a,母音,子音,母音,2,VCV,RLL,67,80,73.5,False,False,False,False,False,混合
1778934176,L2,L1,R3,左薬指,左小指,右中指,s,a,i,子音,母音,母音,2,CVV,LLR,80,20,50.0,False,False,False,False,False,混合
1778934176,L1,R3,R2,左小指,右中指,右薬指,a,i,o,母音,母音,母音,3,VVV,LRR,20,855,437.5,False,False,False,False,False,混合
1778934176,R3,R2,R3,右中指,右薬指,右中指,i,o,k,母音,母音,子音,2,VVC,RRR,855,159,507.0,False,False,False,True,False,同手3連
1778934176,R2,R3,R4,右薬指,右中指,右人差し指,o,k,u,母音,子音,母音,2,VCV,RRR,159,63,111.0,False,False,False,True,False,同手3連
1778934176,R3,R4,L2,右中指,右人差し指,左薬指,k,u,s,子音,母音,子音,1,CVC,RRL,63,51,57.0,False,False,False,False,False,混合
1778934176,R4,L2,L1,右人差し指,左薬指,左小指,u,s,a,母音,子音,母音,2,VCV,RLL,51,59,55.0,False,False,False,False,False,混合
1778934176,L2,L1,R3,左薬指,左小指,右中指,s,a,i,子音,母音,母音,2,CVV,LLR,59,74,66.5,False,False,False,False,False,混合
1778934176,L1,R3,L3,左小指,右中指,左中指,a,i,e,母音,母音,母音,3,VVV,LRL,74,91,82.5,False,False,False,False,True,左右交互
1778934176,R3,L3,R3,右中指,左中指,右中指,i,e,i,母音,母音,母音,3,VVV,RLR,91,95,93.0,False,False,False,False,True,左右交互
1778934176,L3,R3,L4,左中指,右中指,左人差し指,e,i,g,母音,母音,子音,2,VVC,LRL,95,82,88.5,False,False,False,False,True,左右交互
1778934176,R3,L4,L1,右中指,左人差し指,左小指,i,g,a,母音,子音,母音,2,VCV,RLL,82,41,61.5,False,False,False,False,False,混合
1778934176,L4,L1,L2,左人差し指,左小指,左薬指,g,a,s,子音,母音,子音,1,CVC,LLL,41,150,95.5,False,False,False,True,False,同手3連
1778934176,L1,L2,L1,左小指,左薬指,左小指,a,s,a,母音,子音,母音,2,VCV,LLL,150,61,105.5,False,False,False,True,False,同手3連
1778934176,L2,L1,R3,左薬指,左小指,右中指,s,a,i,子音,母音,母音,2,CVV,LLR,61,56,58.5,False,False,False,False,False,混合
1778934176,L1,R3,R2,左小指,右中指,右薬指,a,i,o,母音,母音,母音,3,VVV,LRR,56,455,255.5,False,False,False,False,False,混合
1778934176,R3,R2,L4,右中指,右薬指,左人差し指,i,o,t,母音,母音,子音,2,VVC,RRL,455,97,276.0,False,False,False,False,False,混合
1778934176,R2,L4,L3,右薬指,左人差し指,左中指,o,t,e,母音,子音,母音,2,VCV,RLL,97,71,84.0,False,False,False,False,False,混合
1778934176,L4,L3,L1,左人差し指,左中指,左小指,t,e,a,子音,母音,母音,2,CVV,LLL,71,150,110.5,False,False,False,True,False,同手3連
1778934176,L3,L1,L4,左中指,左小指,左人差し指,e,a,r,母音,母音,子音,2,VVC,LLL,150,97,123.5,False,False,False,True,False,同手3連
1778934176,L1,L4,L1,左小指,左人差し指,左小指,a,r,a,母音,子音,母音,2,VCV,LLL,97,85,91.0,False,False,False,True,False,同手3連
1778934176,L4,L1,R3,左人差し指,左小指,右中指,r,a,i,子音,母音,母音,2,CVV,LLR,85,56,70.5,False,False,False,False,False,混合
1778934176,L1,R3,R4,左小指,右中指,右人差し指,a,i,h,母音,母音,子音,2,VVC,LRR,56,84,70.0,False,False,False,False,False,混合
1778934176,R3,R4,L1,右中指,右人差し指,左小指,i,h,a,母音,子音,母音,2,VCV,RRL,84,49,66.5,False,False,False,False,False,混合
1778934176,R4,L1,L1,右人差し指,左小指,左小指,h,a,a,子音,母音,母音,2,CVV,RLL,49,179,114.0,False,False,True,False,False,同指連打
1778934176,L1,L1,L4,左小指,左小指,左人差し指,a,a,t,母音,母音,子音,2,VVC,LLL,179,81,130.0,False,False,True,True,False,同指連打
1778934176,L1,L4,R3,左小指,左人差し指,右中指,a,t,i,母音,子音,母音,2,VCV,LLR,81,62,71.5,False,False,False,False,False,混合
1778934176,L4,R3,L4,左人差し指,右中指,左人差し指,t,i,r,子音,母音,子音,1,CVC,LRL,62,132,97.0,False,False,False,False,True,左右交互
1778934176,R3,L4,L1,右中指,左人差し指,左小指,i,r,a,母音,子音,母音,2,VCV,RLL,132,58,95.0,False,False,False,False,False,混合
1778934176,L4,L1,L3,左人差し指,左小指,左中指,r,a,d,子音,母音,子音,1,CVC,LLL,58,166,112.0,False,False,False,True,False,同手3連
1778934176,L1,L3,L3,左小指,左中指,左中指,a,d,e,母音,子音,母音,2,VCV,LLL,166,205,185.5,False,False,True,True,False,同指連打
1778934176,L3,L3,L2,左中指,左中指,左薬指,d,e,s,子音,母音,子音,1,CVC,LLL,205,38,121.5,False,False,True,True,False,同指連打
1778934176,L3,L2,R4,左中指,左薬指,右人差し指,e,s,u,母音,子音,母音,2,VCV,LLR,38,65,51.5,False,False,False,False,False,混合
1778934176,L2,R4,L4,左薬指,右人差し指,左人差し指,s,u,t,子音,母音,子音,1,CVC,LRL,65,458,261.5,False,False,False,False,True,左右交互
1778934176,R4,L4,R4,右人差し指,左人差し指,右人差し指,u,t,y,母音,子音,子音,1,VCC,RLR,458,48,253.0,False,False,False,False,True,左右交互
1778934176,L4,R4,R2,左人差し指,右人差し指,右薬指,t,y,o,子音,子音,母音,1,CCV,LRR,48,33,40.5,False,False,False,False,False,混合
1778934176,R4,R2,L4,右人差し指,右薬指,左人差し指,y,o,t,子音,母音,子音,1,CVC,RRL,33,105,69.0,False,False,False,False,False,混合
1778934176,R2,L4,L4,右薬指,左人差し指,左人差し指,o,t,t,母音,子音,子音,1,VCC,RLL,105,142,123.5,False,False,True,False,False,同指連打
1778934176,L4,L4,R2,左人差し指,左人差し指,右薬指,t,t,o,子音,子音,母音,1,CCV,LLR,142,44,93.0,False,False,True,False,False,同指連打
1778934176,L4,R2,R4,左人差し指,右薬指,右人差し指,t,o,m,子音,母音,子音,1,CVC,LRR,44,145,94.5,False,False,False,False,False,混合
1778934176,R2,R4,L1,右薬指,右人差し指,左小指,o,m,a,母音,子音,母音,2,VCV,RRL,145,57,101.0,False,False,False,False,False,混合
1778934176,R4,L1,L4,右人差し指,左小指,左人差し指,m,a,t,子音,母音,子音,1,CVC,RLL,57,86,71.5,False,False,False,False,False,混合
1778934176,L1,L4,L4,左小指,左人差し指,左人差し指,a,t,t,母音,子音,子音,1,VCC,LLL,86,158,122.0,False,False,True,True,False,同指連打
1778934176,L4,L4,L3,左人差し指,左人差し指,左中指,t,t,e,子音,子音,母音,1,CCV,LLL,158,64,111.0,False,False,True,True,False,同指連打
1778934176,L4,L3,R3,左人差し指,左中指,右中指,t,e,k,子音,母音,子音,1,CVC,LLR,64,79,71.5,False,False,False,False,False,混合
1778934176,L3,R3,R4,左中指,右中指,右人差し指,e,k,u,母音,子音,母音,2,VCV,LRR,79,77,78.0,False,False,False,False,False,混合
1778934176,R3,R4,L3,右中指,右人差し指,左中指,k,u,d,子音,母音,子音,1,CVC,RRL,77,64,70.5,False,False,False,False,False,混合
1778934176,R4,L3,L1,右人差し指,左中指,左小指,u,d,a,母音,子音,母音,2,VCV,RLL,64,47,55.5,False,False,False,False,False,混合
1778934176,L3,L1,L2,左中指,左小指,左薬指,d,a,s,子音,母音,子音,1,CVC,LLL,47,158,102.5,False,False,False,True,False,同手3連
1778934176,L1,L2,L1,左小指,左薬指,左小指,a,s,a,母音,子音,母音,2,VCV,LLL,158,47,102.5,False,False,False,True,False,同手3連
1778934176,L2,L1,R3,左薬指,左小指,右中指,s,a,i,子音,母音,母音,2,CVV,LLR,47,62,54.5,False,False,False,False,False,混合
1778934176,L1,R3,R4,左小指,右中指,右人差し指,a,i,h,母音,母音,子音,2,VVC,LRR,62,486,274.0,False,False,False,False,False,混合
1778934176,R3,R4,R2,右中指,右人差し指,右薬指,i,h,o,母音,子音,母音,2,VCV,RRR,486,41,263.5,False,False,False,True,False,同手3連
1778934176,R4,R2,R3,右人差し指,右薬指,右中指,h,o,k,子音,母音,子音,1,CVC,RRR,41,174,107.5,False,False,False,True,False,同手3連
1778934176,R2,R3,R3,右薬指,右中指,右中指,o,k,k,母音,子音,子音,1,VCC,RRR,174,125,149.5,False,False,True,True,False,同指連打
1778934176,R3,R3,L1,右中指,右中指,左小指,k,k,a,子音,子音,母音,1,CCV,RRL,125,76,100.5,False,False,True,False,False,同指連打
1778934176,R3,L1,R3,右中指,左小指,右中指,k,a,i,子音,母音,母音,2,CVV,RLR,76,94,85.0,False,False,False,False,True,左右交互
1778934176,L1,R3,L3,左小指,右中指,左中指,a,i,d,母音,母音,子音,2,VVC,LRL,94,101,97.5,False,False,False,False,True,左右交互
1778934176,R3,L3,R2,右中指,左中指,右薬指,i,d,o,母音,子音,母音,2,VCV,RLR,101,91,96.0,False,False,False,False,True,左右交互
1778934176,L3,R2,R4,左中指,右薬指,右人差し指,d,o,u,子音,母音,母音,2,CVV,LRR,91,53,72.0,False,False,False,False,False,混合
1778934176,R2,R4,L4,右薬指,右人差し指,左人差し指,o,u,t,母音,母音,子音,2,VVC,RRL,53,95,74.0,False,False,False,False,False,混合
1778934176,R4,L4,R4,右人差し指,左人差し指,右人差し指,u,t,y,母音,子音,子音,1,VCC,RLR,95,96,95.5,False,False,False,False,True,左右交互
1778934176,L4,R4,R2,左人差し指,右人差し指,右薬指,t,y,o,子音,子音,母音,1,CCV,LRR,96,51,73.5,False,False,False,False,False,混合
1778934176,R4,R2,R3,右人差し指,右薬指,右中指,y,o,k,子音,母音,子音,1,CVC,RRR,51,179,115.0,False,False,False,True,False,同手3連
1778934176,R2,R3,R4,右薬指,右中指,右人差し指,o,k,u,母音,子音,母音,2,VCV,RRR,179,54,116.5,False,False,False,True,False,同手3連
1778934176,R3,R4,L2,右中指,右人差し指,左薬指,k,u,s,子音,母音,子音,1,CVC,RRL,54,46,50.0,False,False,False,False,False,混合
1778934176,R4,L2,R2,右人差し指,左薬指,右薬指,u,s,o,母音,子音,母音,2,VCV,RLR,46,89,67.5,False,False,False,False,True,左右交互
1778934176,L2,R2,R4,左薬指,右薬指,右人差し指,s,o,u,子音,母音,母音,2,CVV,LRR,89,55,72.0,False,False,False,False,False,混合
1778934176,R2,R4,L3,右薬指,右人差し指,左中指,o,u,d,母音,母音,子音,2,VVC,RRL,55,455,255.0,False,False,False,False,False,混合
1778934176,R4,L3,R2,右人差し指,左中指,右薬指,u,d,o,母音,子音,母音,2,VCV,RLR,455,78,266.5,False,False,False,False,True,左右交互
1778934176,L3,R2,R3,左中指,右薬指,右中指,d,o,k,子音,母音,子音,1,CVC,LRR,78,162,120.0,False,False,False,False,False,混合
1778934176,R2,R3,R4,右薬指,右中指,右人差し指,o,k,u,母音,子音,母音,2,VCV,RRR,162,54,108.0,False,False,False,True,False,同手3連
1778934176,R3,R4,L2,右中指,右人差し指,左薬指,k,u,s,子音,母音,子音,1,CVC,RRL,54,79,66.5,False,False,False,False,False,混合
1778934176,R4,L2,R4,右人差し指,左薬指,右人差し指,u,s,y,母音,子音,子音,1,VCC,RLR,79,106,92.5,False,False,False,False,True,左右交互
1778934176,L2,R4,R2,左薬指,右人差し指,右薬指,s,y,o,子音,子音,母音,1,CCV,LRR,106,26,66.0,False,False,False,False,False,混合
1778934176,R4,R2,R3,右人差し指,右薬指,右中指,y,o,k,子音,母音,子音,1,CVC,RRR,26,173,99.5,False,False,False,True,False,同手3連
1778934176,R2,R3,L1,右薬指,右中指,左小指,o,k,a,母音,子音,母音,2,VCV,RRL,173,65,119.0,False,False,False,False,False,混合
1778934176,R3,L1,R4,右中指,左小指,右人差し指,k,a,n,子音,母音,子音,1,CVC,RLR,65,74,69.5,False,False,False,False,True,左右交互
1778934176,L1,R4,L2,左小指,右人差し指,左薬指,a,n,s,母音,子音,子音,1,VCC,LRL,74,91,82.5,False,False,False,False,True,左右交互
1778934176,R4,L2,R2,右人差し指,左薬指,右薬指,n,s,o,子音,子音,母音,1,CCV,RLR,91,74,82.5,False,False,False,False,True,左右交互
1778934176,L2,R2,R4,左薬指,右薬指,右人差し指,s,o,u,子音,母音,母音,2,CVV,LRR,74,54,64.0,False,False,False,False,False,混合
1778934176,R2,R4,L4,右薬指,右人差し指,左人差し指,o,u,b,母音,母音,子音,2,VVC,RRL,54,122,88.0,False,False,False,False,False,混合
1778934176,R4,L4,R4,右人差し指,左人差し指,右人差し指,u,b,u,母音,子音,母音,2,VCV,RLR,122,41,81.5,False,False,False,False,True,左右交互
1778934176,L4,R4,R4,左人差し指,右人差し指,右人差し指,b,u,n,子音,母音,子音,1,CVC,LRR,41,184,112.5,False,False,True,False,False,同指連打
1778934176,R4,R4,R4,右人差し指,右人差し指,右人差し指,u,n,n,母音,子音,子音,1,VCC,RRR,184,121,152.5,False,False,True,True,False,同指連打
1778934176,R4,R4,L2,右人差し指,右人差し指,左薬指,n,n,s,子音,子音,子音,0,CCC,RRL,121,471,296.0,False,False,True,False,False,同指連打
1778934176,R4,L2,L1,右人差し指,左薬指,左小指,n,s,a,子音,子音,母音,1,CCV,RLL,471,58,264.5,False,False,False,False,False,混合
1778934176,L2,L1,R3,左薬指,左小指,右中指,s,a,i,子音,母音,母音,2,CVV,LLR,58,52,55.0,False,False,False,False,False,混合
1778934176,L1,R3,L2,左小指,右中指,左薬指,a,i,s,母音,母音,子音,2,VVC,LRL,52,115,83.5,False,False,False,False,True,左右交互
1778934176,R3,L2,R4,右中指,左薬指,右人差し指,i,s,y,母音,子音,子音,1,VCC,RLR,115,57,86.0,False,False,False,False,True,左右交互
1778934176,L2,R4,R4,左薬指,右人差し指,右人差し指,s,y,u,子音,子音,母音,1,CCV,LRR,57,36,46.5,False,False,True,False,False,同指連打
1778934176,R4,R4,R4,右人差し指,右人差し指,右人差し指,y,u,u,子音,母音,母音,2,CVV,RRR,36,129,82.5,False,False,True,True,False,同指連打
1778934176,R4,R4,L2,右人差し指,右人差し指,左薬指,u,u,s,母音,母音,子音,2,VVC,RRL,129,66,97.5,False,False,True,False,False,同指連打
1778934176,R4,L2,R4,右人差し指,左薬指,右人差し指,u,s,y,母音,子音,子音,1,VCC,RLR,66,72,69.0,False,False,False,False,True,左右交互
1778934176,L2,R4,R2,左薬指,右人差し指,右薬指,s,y,o,子音,子音,母音,1,CCV,LRR,72,44,58.0,False,False,False,False,False,混合
1778934176,R4,R2,R3,右人差し指,右薬指,右中指,y,o,k,子音,母音,子音,1,CVC,RRR,44,162,103.0,False,False,False,True,False,同手3連
1778934176,R2,R3,R4,右薬指,右中指,右人差し指,o,k,u,母音,子音,母音,2,VCV,RRR,162,58,110.0,False,False,False,True,False,同手3連
1778934176,R3,R4,L2,右中指,右人差し指,左薬指,k,u,s,子音,母音,子音,1,CVC,RRL,58,65,61.5,False,False,False,False,False,混合
1778934176,R4,L2,L1,右人差し指,左薬指,左小指,u,s,a,母音,子音,母音,2,VCV,RLL,65,43,54.0,False,False,False,False,False,混合
1778934176,L2,L1,R3,左薬指,左小指,右中指,s,a,k,子音,母音,子音,1,CVC,LLR,43,70,56.5,False,False,False,False,False,混合
1778934176,L1,R3,R3,左小指,右中指,右中指,a,k,i,母音,子音,母音,2,VCV,LRR,70,142,106.0,False,False,True,False,False,同指連打
1778934176,R3,R3,L4,右中指,右中指,左人差し指,k,i,t,子音,母音,子音,1,CVC,RRL,142,520,331.0,False,False,True,False,False,同指連打
1778934176,R3,L4,R2,右中指,左人差し指,右薬指,i,t,o,母音,子音,母音,2,VCV,RLR,520,60,290.0,False,False,False,False,True,左右交互
1778934176,L4,R2,R4,左人差し指,右薬指,右人差し指,t,o,u,子音,母音,母音,2,CVV,LRR,60,60,60.0,False,False,False,False,False,混合
1778934176,R2,R4,R3,右薬指,右人差し指,右中指,o,u,k,母音,母音,子音,2,VVC,RRR,60,166,113.0,False,False,False,True,False,同手3連
1778934176,R4,R3,R4,右人差し指,右中指,右人差し指,u,k,y,母音,子音,子音,1,VCC,RRR,166,170,168.0,False,False,False,True,False,同手3連
1778934176,R3,R4,R2,右中指,右人差し指,右薬指,k,y,o,子音,子音,母音,1,CCV,RRR,170,115,142.5,False,False,False,True,False,同手3連
1778934176,R4,R2,R4,右人差し指,右薬指,右人差し指,y,o,u,子音,母音,母音,2,CVV,RRR,115,56,85.5,False,False,False,True,False,同手3連
1778934176,R2,R4,L4,右薬指,右人差し指,左人差し指,o,u,t,母音,母音,子音,2,VVC,RRL,56,69,62.5,False,False,False,False,False,混合
1778934176,R4,L4,R2,右人差し指,左人差し指,右薬指,u,t,o,母音,子音,母音,2,VCV,RLR,69,60,64.5,False,False,False,False,True,左右交互
1778934176,L4,R2,R3,左人差し指,右薬指,右中指,t,o,k,子音,母音,子音,1,CVC,LRR,60,148,104.0,False,False,False,False,False,混合
1778934176,R2,R3,R4,右薬指,右中指,右人差し指,o,k,y,母音,子音,子音,1,VCC,RRR,148,162,155.0,False,False,False,True,False,同手3連
1778934176,R3,R4,R2,右中指,右人差し指,右薬指,k,y,o,子音,子音,母音,1,CCV,RRR,162,121,141.5,False,False,False,True,False,同手3連
1778934176,R4,R2,R4,右人差し指,右薬指,右人差し指,y,o,u,子音,母音,母音,2,CVV,RRR,121,60,90.5,False,False,False,True,False,同手3連
1778934176,R2,R4,L4,右薬指,右人差し指,左人差し指,o,u,t,母音,母音,子音,2,VVC,RRL,60,82,71.0,False,False,False,False,False,混合
1778934176,R4,L4,R2,右人差し指,左人差し指,右薬指,u,t,o,母音,子音,母音,2,VCV,RLR,82,36,59.0,False,False,False,False,True,左右交互
1778934176,L4,R2,R4,左人差し指,右薬指,右人差し指,t,o,h,子音,母音,子音,1,CVC,LRR,36,486,261.0,False,False,False,False,False,混合
1778934176,R2,R4,L1,右薬指,右人差し指,左小指,o,h,a,母音,子音,母音,2,VCV,RRL,486,67,276.5,False,False,False,False,False,混合
1778934176,R4,L1,R4,右人差し指,左小指,右人差し指,h,a,n,子音,母音,子音,1,CVC,RLR,67,88,77.5,False,False,False,False,True,左右交互
1778934176,L1,R4,L4,左小指,右人差し指,左人差し指,a,n,b,母音,子音,子音,1,VCC,LRL,88,151,119.5,False,False,False,False,True,左右交互
1778934176,R4,L4,L1,右人差し指,左人差し指,左小指,n,b,a,子音,子音,母音,1,CCV,RLL,151,67,109.0,False,False,False,False,False,混合
1778934176,L4,L1,L4,左人差し指,左小指,左人差し指,b,a,g,子音,母音,子音,1,CVC,LLL,67,95,81.0,False,False,False,True,False,同手3連
1778934176,L1,L4,R4,左小指,左人差し指,右人差し指,a,g,u,母音,子音,母音,2,VCV,LLR,95,50,72.5,False,False,False,False,False,混合
1778934176,L4,R4,L2,左人差し指,右人差し指,左薬指,g,u,s,子音,母音,子音,1,CVC,LRL,50,81,65.5,False,False,False,False,True,左右交互
1778934176,R4,L2,R4,右人差し指,左薬指,右人差し指,u,s,u,母音,子音,母音,2,VCV,RLR,81,77,79.0,False,False,False,False,True,左右交互
1778934176,L2,R4,L4,左薬指,右人差し指,左人差し指,s,u,t,子音,母音,子音,1,CVC,LRL,77,122,99.5,False,False,False,False,True,左右交互
1778934176,R4,L4,L3,右人差し指,左人差し指,左中指,u,t,e,母音,子音,母音,2,VCV,RLL,122,54,88.0,False,False,False,False,False,混合
1778934176,L4,L3,R3,左人差し指,左中指,右中指,t,e,k,子音,母音,子音,1,CVC,LLR,54,206,130.0,False,False,False,False,False,混合
1778934176,L3,R3,R3,左中指,右中指,右中指,e,k,i,母音,子音,母音,2,VCV,LRR,206,173,189.5,False,False,True,False,False,同指連打
1778934176,R3,R3,L4,右中指,右中指,左人差し指,k,i,r,子音,母音,子音,1,CVC,RRL,173,516,344.5,False,False,True,False,False,同指連打
1778934176,R3,L4,L3,右中指,左人差し指,左中指,i,r,e,母音,子音,母音,2,VCV,RLL,516,71,293.5,False,False,False,False,False,混合
1778934176,L4,L3,R3,左人差し指,左中指,右中指,r,e,i,子音,母音,母音,2,CVV,LLR,71,36,53.5,False,False,False,False,False,混合
1778934176,L3,R3,L4,左中指,右中指,左人差し指,e,i,t,母音,母音,子音,2,VVC,LRL,36,140,88.0,False,False,False,False,True,左右交互
1778934176,R3,L4,R2,右中指,左人差し指,右薬指,i,t,o,母音,子音,母音,2,VCV,RLR,140,47,93.5,False,False,False,False,True,左右交互
1778934176,L4,R2,R4,左人差し指,右薬指,右人差し指,t,o,u,子音,母音,母音,2,CVV,LRR,47,66,56.5,False,False,False,False,False,混合
1778934176,R2,R4,L2,右薬指,右人差し指,左薬指,o,u,s,母音,母音,子音,2,VVC,RRL,66,130,98.0,False,False,False,False,False,混合
1778934176,R4,L2,R4,右人差し指,左薬指,右人差し指,u,s,y,母音,子音,子音,1,VCC,RLR,130,70,100.0,False,False,False,False,True,左右交互
1778934176,L2,R4,R2,左薬指,右人差し指,右薬指,s,y,o,子音,子音,母音,1,CCV,LRR,70,44,57.0,False,False,False,False,False,混合
1778934176,R4,R2,R3,右人差し指,右薬指,右中指,y,o,k,子音,母音,子音,1,CVC,RRR,44,189,116.5,False,False,False,True,False,同手3連
1778934176,R2,R3,R4,右薬指,右中指,右人差し指,o,k,u,母音,子音,母音,2,VCV,RRR,189,56,122.5,False,False,False,True,False,同手3連
1778934176,R3,R4,R4,右中指,右人差し指,右人差し指,k,u,h,子音,母音,子音,1,CVC,RRR,56,195,125.5,False,False,True,True,False,同指連打
1778934176,R4,R4,R3,右人差し指,右人差し指,右中指,u,h,i,母音,子音,母音,2,VCV,RRR,195,46,120.5,False,False,True,True,False,同指連打
1778934176,R4,R3,R4,右人差し指,右中指,右人差し指,h,i,n,子音,母音,子音,1,CVC,RRR,46,166,106.0,False,False,False,True,False,同手3連
1778934176,R3,R4,R4,右中指,右人差し指,右人差し指,i,n,n,母音,子音,子音,1,VCC,RRR,166,123,144.5,False,False,True,True,False,同指連打
1778934176,R4,R4,R2,右人差し指,右人差し指,右薬指,n,n,o,子音,子音,母音,1,CCV,RRR,123,483,303.0,False,False,True,True,False,同指連打
1778934176,R4,R2,L4,右人差し指,右薬指,左人差し指,n,o,t,子音,母音,子音,1,CVC,RRL,483,93,288.0,False,False,False,False,False,混合
1778934176,R2,L4,R4,右薬指,左人差し指,右人差し指,o,t,u,母音,子音,母音,2,VCV,RLR,93,67,80.0,False,False,False,False,True,左右交互
1778934176,L4,R4,R3,左人差し指,右人差し指,右中指,t,u,k,子音,母音,子音,1,CVC,LRR,67,127,97.0,False,False,False,False,False,混合
1778934176,R4,R3,L1,右人差し指,右中指,左小指,u,k,a,母音,子音,母音,2,VCV,RRL,127,73,100.0,False,False,False,False,False,混合
1778934176,R3,L1,L4,右中指,左小指,左人差し指,k,a,r,子音,母音,子音,1,CVC,RLL,73,156,114.5,False,False,False,False,False,混合
1778934176,L1,L4,L3,左小指,左人差し指,左中指,a,r,e,母音,子音,母音,2,VCV,LLL,156,59,107.5,False,False,False,True,False,同手3連
1778934176,L4,L3,L2,左人差し指,左中指,左薬指,r,e,s,子音,母音,子音,1,CVC,LLL,59,28,43.5,False,False,False,True,False,同手3連
1778934176,L3,L2,L1,左中指,左薬指,左小指,e,s,a,母音,子音,母音,2,VCV,LLL,28,33,30.5,False,False,False,True,False,同手3連
1778934176,L2,L1,R4,左薬指,左小指,右人差し指,s,a,m,子音,母音,子音,1,CVC,LLR,33,77,55.0,False,False,False,False,False,混合
1778934176,L1,R4,L1,左小指,右人差し指,左小指,a,m,a,母音,子音,母音,2,VCV,LRL,77,101,89.0,False,False,False,False,True,左右交互
1778934176,R4,L1,L3,右人差し指,左小指,左中指,m,a,d,子音,母音,子音,1,CVC,RLL,101,126,113.5,False,False,False,False,False,混合
1778934176,L1,L3,L3,左小指,左中指,左中指,a,d,e,母音,子音,母音,2,VCV,LLL,126,210,168.0,False,False,True,True,False,同指連打
1778934176,L3,L3,L2,左中指,左中指,左薬指,d,e,s,子音,母音,子音,1,CVC,LLL,210,30,120.0,False,False,True,True,False,同指連打
1778934176,L3,L2,R3,左中指,左薬指,右中指,e,s,i,母音,子音,母音,2,VCV,LLR,30,68,49.0,False,False,False,False,False,混合
1778934176,L2,R3,L4,左薬指,右中指,左人差し指,s,i,t,子音,母音,子音,1,CVC,LRL,68,84,76.0,False,False,False,False,True,左右交互
1778934176,R3,L4,L1,右中指,左人差し指,左小指,i,t,a,母音,子音,母音,2,VCV,RLL,84,37,60.5,False,False,False,False,False,混合
1778934176,L4,L1,R3,左人差し指,左小指,右中指,t,a,k,子音,母音,子音,1,CVC,LLR,37,450,243.5,False,False,False,False,False,混合
1778934176,L1,R3,L1,左小指,右中指,左小指,a,k,a,母音,子音,母音,2,VCV,LRL,450,44,247.0,False,False,False,False,True,左右交互
1778934176,R3,L1,L4,右中指,左小指,左人差し指,k,a,r,子音,母音,子音,1,CVC,RLL,44,98,71.0,False,False,False,False,False,混合
1778934176,L1,L4,R3,左小指,左人差し指,右中指,a,r,i,母音,子音,母音,2,VCV,LLR,98,73,85.5,False,False,False,False,False,混合
1778934176,L4,R3,L4,左人差し指,右中指,左人差し指,r,i,f,子音,母音,子音,1,CVC,LRL,73,120,96.5,False,False,False,False,True,左右交互
1778934176,R3,L4,R2,右中指,左人差し指,右薬指,i,f,o,母音,子音,母音,2,VCV,RLR,120,41,80.5,False,False,False,False,True,左右交互
1778934176,L4,R2,L4,左人差し指,右薬指,左人差し指,f,o,r,子音,母音,子音,1,CVC,LRL,41,135,88.0,False,False,False,False,True,左右交互
1778934176,R2,L4,R4,右薬指,左人差し指,右人差し指,o,r,u,母音,子音,母音,2,VCV,RLR,135,33,84.0,False,False,False,False,True,左右交互
1778934176,L4,R4,R4,左人差し指,右人差し指,右人差し指,r,u,n,子音,母音,子音,1,CVC,LRR,33,181,107.0,False,False,True,False,False,同指連打
1778934176,R4,R4,R3,右人差し指,右人差し指,右中指,u,n,i,母音,子音,母音,2,VCV,RRR,181,48,114.5,False,False,True,True,False,同指連打
1778934176,R4,R3,L1,右人差し指,右中指,左小指,n,i,a,子音,母音,母音,2,CVV,RRL,48,109,78.5,False,False,False,False,False,混合
1778934176,R3,L1,L4,右中指,左小指,左人差し指,i,a,r,母音,母音,子音,2,VVC,RLL,109,78,93.5,False,False,False,False,False,混合
1778934176,L1,L4,R2,左小指,左人差し指,右薬指,a,r,o,母音,子音,母音,2,VCV,LLR,78,37,57.5,False,False,False,False,False,混合
1778934176,L4,R2,L4,左人差し指,右薬指,左人差し指,r,o,r,子音,母音,子音,1,CVC,LRL,37,75,56.0,False,False,False,False,True,左右交互
1778934176,R2,L4,R4,右薬指,左人差し指,右人差し指,o,r,u,母音,子音,母音,2,VCV,RLR,75,71,73.0,False,False,False,False,True,左右交互
1778934176,L4,R4,L4,左人差し指,右人差し指,左人差し指,r,u,t,子音,母音,子音,1,CVC,LRL,71,457,264.0,False,False,False,False,True,左右交互
1778934176,R4,L4,R3,右人差し指,左人差し指,右中指,u,t,i,母音,子音,母音,2,VCV,RLR,457,81,269.0,False,False,False,False,True,左右交互
1778934176,L4,R3,R3,左人差し指,右中指,右中指,t,i,k,子音,母音,子音,1,CVC,LRR,81,162,121.5,False,False,True,False,False,同指連打
1778934176,R3,R3,R4,右中指,右中指,右人差し指,i,k,y,母音,子音,子音,1,VCC,RRR,162,169,165.5,False,False,True,True,False,同指連打
1778934176,R3,R4,R4,右中指,右人差し指,右人差し指,k,y,u,子音,子音,母音,1,CCV,RRR,169,41,105.0,False,False,True,True,False,同指連打
1778934176,R4,R4,R4,右人差し指,右人差し指,右人差し指,y,u,u,子音,母音,母音,2,CVV,RRR,41,131,86.0,False,False,True,True,False,同指連打
1778934176,R4,R4,R4,右人差し指,右人差し指,右人差し指,u,u,h,母音,母音,子音,2,VVC,RRR,131,62,96.5,False,False,True,True,False,同指連打
1778934176,R4,R4,L1,右人差し指,右人差し指,左小指,u,h,a,母音,子音,母音,2,VCV,RRL,62,86,74.0,False,False,True,False,False,同指連打
1778934176,R4,L1,L1,右人差し指,左小指,左小指,h,a,a,子音,母音,母音,2,CVV,RLL,86,170,128.0,False,False,True,False,False,同指連打
1778934176,L1,L1,R2,左小指,左小指,右薬指,a,a,o,母音,母音,母音,3,VVV,LLR,170,52,111.0,False,False,True,False,False,同指連打
1778934176,L1,R2,R3,左小指,右薬指,右中指,a,o,k,母音,母音,子音,2,VVC,LRR,52,150,101.0,False,False,False,False,False,混合
1778934176,R2,R3,L1,右薬指,右中指,左小指,o,k,a,母音,子音,母音,2,VCV,RRL,150,60,105.0,False,False,False,False,False,混合
1778934176,R3,L1,L4,右中指,左小指,左人差し指,k,a,t,子音,母音,子音,1,CVC,RLL,60,81,70.5,False,False,False,False,False,混合
1778934176,L1,L4,L4,左小指,左人差し指,左人差し指,a,t,t,母音,子音,子音,1,VCC,LLL,81,154,117.5,False,False,True,True,False,同指連打
1778934176,L4,L4,L1,左人差し指,左人差し指,左小指,t,t,a,子音,子音,母音,1,CCV,LLL,154,55,104.5,False,False,True,True,False,同指連打
1778934176,L4,L1,R4,左人差し指,左小指,右人差し指,t,a,h,子音,母音,子音,1,CVC,LLR,55,504,279.5,False,False,False,False,False,混合
1778934176,L1,R4,L1,左小指,右人差し指,左小指,a,h,a,母音,子音,母音,2,VCV,LRL,504,45,274.5,False,False,False,False,True,左右交互
1778934176,R4,L1,R4,右人差し指,左小指,右人差し指,h,a,n,子音,母音,子音,1,CVC,RLR,45,118,81.5,False,False,False,False,True,左右交互
1778934176,L1,R4,L4,左小指,右人差し指,左人差し指,a,n,b,母音,子音,子音,1,VCC,LRL,118,140,129.0,False,False,False,False,True,左右交互
1778934176,R4,L4,L1,右人差し指,左人差し指,左小指,n,b,a,子音,子音,母音,1,CCV,RLL,140,38,89.0,False,False,False,False,False,混合
1778934176,L4,L1,L4,左人差し指,左小指,左人差し指,b,a,g,子音,母音,子音,1,CVC,LLL,38,84,61.0,False,False,False,True,False,同手3連
1778934176,L1,L4,R4,左小指,左人差し指,右人差し指,a,g,u,母音,子音,母音,2,VCV,LLR,84,84,84.0,False,False,False,False,False,混合
1778934176,L4,R4,L4,左人差し指,右人差し指,左人差し指,g,u,t,子音,母音,子音,1,CVC,LRL,84,139,111.5,False,False,False,False,True,左右交互
1778934176,R4,L4,L3,右人差し指,左人差し指,左中指,u,t,e,母音,子音,母音,2,VCV,RLL,139,75,107.0,False,False,False,False,False,混合
1778934176,L4,L3,R3,左人差し指,左中指,右中指,t,e,i,子音,母音,母音,2,CVV,LLR,75,41,58.0,False,False,False,False,False,混合
1778934176,L3,R3,L2,左中指,右中指,左薬指,e,i,s,母音,母音,子音,2,VVC,LRL,41,91,66.0,False,False,False,False,True,左右交互
1778934176,R3,L2,R4,右中指,左薬指,右人差し指,i,s,y,母音,子音,子音,1,VCC,RLR,91,57,74.0,False,False,False,False,True,左右交互
1778934176,L2,R4,R2,左薬指,右人差し指,右薬指,s,y,o,子音,子音,母音,1,CCV,LRR,57,59,58.0,False,False,False,False,False,混合
1778934176,R4,R2,R3,右人差し指,右薬指,右中指,y,o,k,子音,母音,子音,1,CVC,RRR,59,167,113.0,False,False,False,True,False,同手3連
1778934176,R2,R3,R4,右薬指,右中指,右人差し指,o,k,u,母音,子音,母音,2,VCV,RRR,167,39,103.0,False,False,False,True,False,同手3連
1778934176,R3,R4,R3,右中指,右人差し指,右中指,k,u,k,子音,母音,子音,1,CVC,RRR,39,475,257.0,False,False,False,True,False,同手3連
1778934176,R4,R3,R3,右人差し指,右中指,右中指,u,k,i,母音,子音,母音,2,VCV,RRR,475,152,313.5,False,False,True,True,False,同指連打
1778934176,R3,R3,R4,右中指,右中指,右人差し指,k,i,n,子音,母音,子音,1,CVC,RRR,152,159,155.5,False,False,True,True,False,同指連打
1778934176,R3,R4,R4,右中指,右人差し指,右人差し指,i,n,n,母音,子音,子音,1,VCC,RRR,159,126,142.5,False,False,True,True,False,同指連打
1778934176,R4,R4,R4,右人差し指,右人差し指,右人差し指,n,n,n,子音,子音,子音,0,CCC,RRR,126,119,122.5,False,False,True,True,False,同指連打
1778934176,R4,R4,R3,右人差し指,右人差し指,右中指,n,n,i,子音,子音,母音,1,CCV,RRR,119,60,89.5,False,False,True,True,False,同指連打
1778934176,R4,R3,R3,右人差し指,右中指,右中指,n,i,k,子音,母音,子音,1,CVC,RRR,60,192,126.0,False,False,True,True,False,同指連打
1778934176,R3,R3,R4,右中指,右中指,右人差し指,i,k,u,母音,子音,母音,2,VCV,RRR,192,56,124.0,False,False,True,True,False,同指連打
1778934176,R3,R4,R4,右中指,右人差し指,右人差し指,k,u,h,子音,母音,子音,1,CVC,RRR,56,161,108.5,False,False,True,True,False,同指連打
1778934176,R4,R4,L1,右人差し指,右人差し指,左小指,u,h,a,母音,子音,母音,2,VCV,RRL,161,84,122.5,False,False,True,False,False,同指連打
1778934176,R4,L1,R4,右人差し指,左小指,右人差し指,h,a,u,子音,母音,母音,2,CVV,RLR,84,71,77.5,False,False,False,False,True,左右交互
1778934176,L1,R4,L4,左小指,右人差し指,左人差し指,a,u,r,母音,母音,子音,2,VVC,LRL,71,113,92.0,False,False,False,False,True,左右交互
1778934176,R4,L4,L1,右人差し指,左人差し指,左小指,u,r,a,母音,子音,母音,2,VCV,RLL,113,57,85.0,False,False,False,False,False,混合
1778934176,L4,L1,L4,左人差し指,左小指,左人差し指,r,a,g,子音,母音,子音,1,CVC,LLL,57,156,106.5,False,False,False,True,False,同手3連
1778934176,L1,L4,R3,左小指,左人差し指,右中指,a,g,i,母音,子音,母音,2,VCV,LLR,156,64,110.0,False,False,False,False,False,混合
1778934176,L4,R3,L4,左人差し指,右中指,左人差し指,g,i,r,子音,母音,子音,1,CVC,LRL,64,125,94.5,False,False,False,False,True,左右交互
1778934176,R3,L4,L1,右中指,左人差し指,左小指,i,r,a,母音,子音,母音,2,VCV,RLL,125,34,79.5,False,False,False,False,False,混合
1778934176,L4,L1,R4,左人差し指,左小指,右人差し指,r,a,n,子音,母音,子音,1,CVC,LLR,34,57,45.5,False,False,False,False,False,混合
1778934176,L1,R4,L1,左小指,右人差し指,左小指,a,n,a,母音,子音,母音,2,VCV,LRL,57,124,90.5,False,False,False,False,True,左右交互
1778934176,R4,L1,R3,右人差し指,左小指,右中指,n,a,i,子音,母音,母音,2,CVV,RLR,124,66,95.0,False,False,False,False,True,左右交互
1778934176,L1,R3,R3,左小指,右中指,右中指,a,i,k,母音,母音,子音,2,VVC,LRR,66,500,283.0,False,False,True,False,False,同指連打
1778934176,R3,R3,R4,右中指,右中指,右人差し指,i,k,y,母音,子音,子音,1,VCC,RRR,500,188,344.0,False,False,True,True,False,同指連打
1778934176,R3,R4,R4,右中指,右人差し指,右人差し指,k,y,u,子音,子音,母音,1,CCV,RRR,188,45,116.5,False,False,True,True,False,同指連打
1778934176,R4,R4,R4,右人差し指,右人差し指,右人差し指,y,u,u,子音,母音,母音,2,CVV,RRR,45,115,80.0,False,False,True,True,False,同指連打
1778934176,R4,R4,R3,右人差し指,右人差し指,右中指,u,u,k,母音,母音,子音,2,VVC,RRR,115,185,150.0,False,False,True,True,False,同指連打
1778934176,R4,R3,R4,右人差し指,右中指,右人差し指,u,k,y,母音,子音,子音,1,VCC,RRR,185,161,173.0,False,False,False,True,False,同手3連
1778934176,R3,R4,R2,右中指,右人差し指,右薬指,k,y,o,子音,子音,母音,1,CCV,RRR,161,54,107.5,False,False,False,True,False,同手3連
1778934176,R4,R2,R3,右人差し指,右薬指,右中指,y,o,k,子音,母音,子音,1,CVC,RRR,54,179,116.5,False,False,False,True,False,同手3連
1778934176,R2,R3,R4,右薬指,右中指,右人差し指,o,k,u,母音,子音,母音,2,VCV,RRR,179,75,127.0,False,False,False,True,False,同手3連
1778934176,R3,R4,R4,右中指,右人差し指,右人差し指,k,u,n,子音,母音,子音,1,CVC,RRR,75,170,122.5,False,False,True,True,False,同指連打
1778934176,R4,R4,R2,右人差し指,右人差し指,右薬指,u,n,o,母音,子音,母音,2,VCV,RRR,170,32,101.0,False,False,True,True,False,同指連打
1778934176,R4,R2,L2,右人差し指,右薬指,左薬指,n,o,s,子音,母音,子音,1,CVC,RRL,32,89,60.5,False,False,False,False,False,混合
1778934176,R2,L2,L3,右薬指,左薬指,左中指,o,s,e,母音,子音,母音,2,VCV,RLL,89,70,79.5,False,False,False,False,False,混合
1778934176,L2,L3,R4,左薬指,左中指,右人差し指,s,e,n,子音,母音,子音,1,CVC,LLR,70,68,69.0,False,False,False,False,False,混合
1778934176,L3,R4,L4,左中指,右人差し指,左人差し指,e,n,t,母音,子音,子音,1,VCC,LRL,68,89,78.5,False,False,False,False,True,左右交互
1778934176,R4,L4,L1,右人差し指,左人差し指,左小指,n,t,a,子音,子音,母音,1,CCV,RLL,89,61,75.0,False,False,False,False,False,混合
1778934176,L4,L1,R3,左人差し指,左小指,右中指,t,a,k,子音,母音,子音,1,CVC,LLR,61,94,77.5,False,False,False,False,False,混合
1778934176,L1,R3,R4,左小指,右中指,右人差し指,a,k,u,母音,子音,母音,2,VCV,LRR,94,56,75.0,False,False,False,False,False,混合
1778934176,R3,R4,R4,右中指,右人差し指,右人差し指,k,u,j,子音,母音,子音,1,CVC,RRR,56,570,313.0,False,False,True,True,False,同指連打
1778934176,R4,R4,R4,右人差し指,右人差し指,右人差し指,u,j,u,母音,子音,母音,2,VCV,RRR,570,161,365.5,False,False,True,True,False,同指連打
1778934176,R4,R4,R4,右人差し指,右人差し指,右人差し指,j,u,y,子音,母音,子音,1,CVC,RRR,161,186,173.5,False,False,True,True,False,同指連打
1778934176,R4,R4,R2,右人差し指,右人差し指,右薬指,u,y,o,母音,子音,母音,2,VCV,RRR,186,138,162.0,False,False,True,True,False,同指連打
1778934176,R4,R2,R4,右人差し指,右薬指,右人差し指,y,o,u,子音,母音,母音,2,CVV,RRR,138,73,105.5,False,False,False,True,False,同手3連
1778934176,R2,R4,L4,右薬指,右人差し指,左人差し指,o,u,t,母音,母音,子音,2,VVC,RRL,73,48,60.5,False,False,False,False,False,混合
1778934176,R4,L4,R2,右人差し指,左人差し指,右薬指,u,t,o,母音,子音,母音,2,VCV,RLR,48,70,59.0,False,False,False,False,True,左右交互
1778934176,L4,R2,R3,左人差し指,右薬指,右中指,t,o,k,子音,母音,子音,1,CVC,LRR,70,168,119.0,False,False,False,False,False,混合
1778934176,R2,R3,R4,右薬指,右中指,右人差し指,o,k,y,母音,子音,子音,1,VCC,RRR,168,172,170.0,False,False,False,True,False,同手3連
1778934176,R3,R4,R2,右中指,右人差し指,右薬指,k,y,o,子音,子音,母音,1,CCV,RRR,172,127,149.5,False,False,False,True,False,同手3連
1778934176,R4,R2,R4,右人差し指,右薬指,右人差し指,y,o,u,子音,母音,母音,2,CVV,RRR,127,50,88.5,False,False,False,True,False,同手3連
1778934176,R2,R4,R3,右薬指,右人差し指,右中指,o,u,k,母音,母音,子音,2,VVC,RRR,50,161,105.5,False,False,False,True,False,同手3連
1778934176,R4,R3,R4,右人差し指,右中指,右人差し指,u,k,y,母音,子音,子音,1,VCC,RRR,161,168,164.5,False,False,False,True,False,同手3連
1778934176,R3,R4,R4,右中指,右人差し指,右人差し指,k,y,u,子音,子音,母音,1,CCV,RRR,168,30,99.0,False,False,True,True,False,同指連打
1778934176,R4,R4,R4,右人差し指,右人差し指,右人差し指,y,u,u,子音,母音,母音,2,CVV,RRR,30,131,80.5,False,False,True,True,False,同指連打
1778934176,R4,R4,R3,右人差し指,右人差し指,右中指,u,u,k,母音,母音,子音,2,VVC,RRR,131,478,304.5,False,False,True,True,False,同指連打
1778934176,R4,R3,L1,右人差し指,右中指,左小指,u,k,a,母音,子音,母音,2,VCV,RRL,478,34,256.0,False,False,False,False,False,混合
1778934176,R3,L1,L4,右中指,左小指,左人差し指,k,a,r,子音,母音,子音,1,CVC,RLL,34,125,79.5,False,False,False,False,False,混合
1778934176,L1,L4,L1,左小指,左人差し指,左小指,a,r,a,母音,子音,母音,2,VCV,LLL,125,51,88.0,False,False,False,True,False,同手3連
1778934176,L4,L1,L2,左人差し指,左小指,左薬指,r,a,s,子音,母音,子音,1,CVC,LLL,51,55,53.0,False,False,False,True,False,同手3連
1778934176,L1,L2,R3,左小指,左薬指,右中指,a,s,i,母音,子音,母音,2,VCV,LLR,55,41,48.0,False,False,False,False,False,混合
1778934176,L2,R3,R4,左薬指,右中指,右人差し指,s,i,m,子音,母音,子音,1,CVC,LRR,41,154,97.5,False,False,False,False,False,混合
1778934176,R3,R4,L3,右中指,右人差し指,左中指,i,m,e,母音,子音,母音,2,VCV,RRL,154,68,111.0,False,False,False,False,False,混合
1778934176,R4,L3,R4,右人差し指,左中指,右人差し指,m,e,n,子音,母音,子音,1,CVC,RLR,68,96,82.0,False,False,False,False,True,左右交互
1778934176,L3,R4,L4,左中指,右人差し指,左人差し指,e,n,t,母音,子音,子音,1,VCC,LRL,96,79,87.5,False,False,False,False,True,左右交互
1778934176,R4,L4,L1,右人差し指,左人差し指,左小指,n,t,a,子音,子音,母音,1,CCV,RLL,79,42,60.5,False,False,False,False,False,混合
1778934176,L4,L1,R3,左人差し指,左小指,右中指,t,a,i,子音,母音,母音,2,CVV,LLR,42,54,48.0,False,False,False,False,False,混合
1778934176,L1,R3,R3,左小指,右中指,右中指,a,i,k,母音,母音,子音,2,VVC,LRR,54,189,121.5,False,False,True,False,False,同指連打
1778934176,R3,R3,R2,右中指,右中指,右薬指,i,k,o,母音,子音,母音,2,VCV,RRR,189,69,129.0,False,False,True,True,False,同指連打
1778934176,R3,R2,R2,右中指,右薬指,右薬指,k,o,o,子音,母音,母音,2,CVV,RRR,69,127,98.0,False,False,True,True,False,同指連打
1778934176,R2,R2,R4,右薬指,右薬指,右人差し指,o,o,n,母音,母音,子音,2,VVC,RRR,127,87,107.0,False,False,True,True,False,同指連打
1778934176,R2,R4,R3,右薬指,右人差し指,右中指,o,n,i,母音,子音,母音,2,VCV,RRR,87,47,67.0,False,False,False,True,False,同手3連
1778934176,R4,R3,L4,右人差し指,右中指,左人差し指,n,i,g,子音,母音,子音,1,CVC,RRL,47,102,74.5,False,False,False,False,False,混合
1778934176,R3,L4,R3,右中指,左人差し指,右中指,i,g,i,母音,子音,母音,2,VCV,RLR,102,83,92.5,False,False,False,False,True,左右交互
1778934176,L4,R3,L4,左人差し指,右中指,左人差し指,g,i,r,子音,母音,子音,1,CVC,LRL,83,116,99.5,False,False,False,False,True,左右交互
1778934176,R3,L4,R3,右中指,左人差し指,右中指,i,r,i,母音,子音,母音,2,VCV,RLR,116,40,78.0,False,False,False,False,True,左右交互
1778934176,L4,R3,L4,左人差し指,右中指,左人差し指,r,i,r,子音,母音,子音,1,CVC,LRL,40,466,253.0,False,False,False,False,True,左右交互
1778934176,R3,L4,R4,右中指,左人差し指,右人差し指,i,r,y,母音,子音,子音,1,VCC,RLR,466,51,258.5,False,False,False,False,True,左右交互
1778934176,L4,R4,R2,左人差し指,右人差し指,右薬指,r,y,o,子音,子音,母音,1,CCV,LRR,51,135,93.0,False,False,False,False,False,混合
1778934176,R4,R2,R4,右人差し指,右薬指,右人差し指,y,o,u,子音,母音,母音,2,CVV,RRR,135,47,91.0,False,False,False,True,False,同手3連
1778934176,R2,R4,L2,右薬指,右人差し指,左薬指,o,u,s,母音,母音,子音,2,VVC,RRL,47,103,75.0,False,False,False,False,False,混合
1778934176,R4,L2,R4,右人差し指,左薬指,右人差し指,u,s,y,母音,子音,子音,1,VCC,RLR,103,68,85.5,False,False,False,False,True,左右交互
1778934176,L2,R4,R4,左薬指,右人差し指,右人差し指,s,y,u,子音,子音,母音,1,CCV,LRR,68,38,53.0,False,False,True,False,False,同指連打
1778934176,R4,R4,R4,右人差し指,右人差し指,右人差し指,y,u,u,子音,母音,母音,2,CVV,RRR,38,125,81.5,False,False,True,True,False,同指連打
1778934176,R4,R4,L2,右人差し指,右人差し指,左薬指,u,u,s,母音,母音,子音,2,VVC,RRL,125,86,105.5,False,False,True,False,False,同指連打
1778934176,R4,L2,R4,右人差し指,左薬指,右人差し指,u,s,y,母音,子音,子音,1,VCC,RLR,86,63,74.5,False,False,False,False,True,左右交互
1778934176,L2,R4,R2,左薬指,右人差し指,右薬指,s,y,o,子音,子音,母音,1,CCV,LRR,63,48,55.5,False,False,False,False,False,混合
1778934176,R4,R2,R3,右人差し指,右薬指,右中指,y,o,k,子音,母音,子音,1,CVC,RRR,48,171,109.5,False,False,False,True,False,同手3連
1778934176,R2,R3,R4,右薬指,右中指,右人差し指,o,k,u,母音,子音,母音,2,VCV,RRR,171,61,116.0,False,False,False,True,False,同手3連
1778934176,R3,R4,L3,右中指,右人差し指,左中指,k,u,d,子音,母音,子音,1,CVC,RRL,61,79,70.0,False,False,False,False,False,混合
1778934176,R4,L3,L1,右人差し指,左中指,左小指,u,d,a,母音,子音,母音,2,VCV,RLL,79,39,59.0,False,False,False,False,False,混合
1778934176,L3,L1,L2,左中指,左小指,左薬指,d,a,s,子音,母音,子音,1,CVC,LLL,39,166,102.5,False,False,False,True,False,同手3連
1778934176,L1,L2,L1,左小指,左薬指,左小指,a,s,a,母音,子音,母音,2,VCV,LLL,166,46,106.0,False,False,False,True,False,同手3連
1778934176,L2,L1,R3,左薬指,左小指,右中指,s,a,i,子音,母音,母音,2,CVV,LLR,46,64,55.0,False,False,False,False,False,混合
1778934176,L1,R3,R3,左小指,右中指,右中指,a,i,k,母音,母音,子音,2,VVC,LRR,64,482,273.0,False,False,True,False,False,同指連打
1778934176,R3,R3,L1,右中指,右中指,左小指,i,k,a,母音,子音,母音,2,VCV,RRL,482,47,264.5,False,False,True,False,False,同指連打
1778934176,R3,L1,R3,右中指,左小指,右中指,k,a,i,子音,母音,母音,2,CVV,RLR,47,121,84.0,False,False,False,False,True,左右交互
1778934176,L1,R3,L2,左小指,右中指,左薬指,a,i,s,母音,母音,子音,2,VVC,LRL,121,68,94.5,False,False,False,False,True,左右交互
1778934176,R3,L2,R4,右中指,左薬指,右人差し指,i,s,u,母音,子音,母音,2,VCV,RLR,68,85,76.5,False,False,False,False,True,左右交互
1778934176,L2,R4,R3,左薬指,右人差し指,右中指,s,u,i,子音,母音,母音,2,CVV,LRR,85,49,67.0,False,False,False,False,False,混合
1778934176,R4,R3,R4,右人差し指,右中指,右人差し指,u,i,y,母音,母音,子音,2,VVC,RRR,49,179,114.0,False,False,False,True,False,同手3連
1778934176,R3,R4,R2,右中指,右人差し指,右薬指,i,y,o,母音,子音,母音,2,VCV,RRR,179,32,105.5,False,False,False,True,False,同手3連
1778934176,R4,R2,R3,右人差し指,右薬指,右中指,y,o,k,子音,母音,子音,1,CVC,RRR,32,176,104.0,False,False,False,True,False,同手3連
1778934176,R2,R3,R4,右薬指,右中指,右人差し指,o,k,u,母音,子音,母音,2,VCV,RRR,176,45,110.5,False,False,False,True,False,同手3連
1778934176,R3,R4,L3,右中指,右人差し指,左中指,k,u,d,子音,母音,子音,1,CVC,RRL,45,79,62.0,False,False,False,False,False,混合
1778934176,R4,L3,L3,右人差し指,左中指,左中指,u,d,e,母音,子音,母音,2,VCV,RLL,79,228,153.5,False,False,True,False,False,同指連打
1778934176,L3,L3,L2,左中指,左中指,左薬指,d,e,s,子音,母音,子音,1,CVC,LLL,228,31,129.5,False,False,True,True,False,同指連打
1778934176,L3,L2,R4,左中指,左薬指,右人差し指,e,s,u,母音,子音,母音,2,VCV,LLR,31,51,41.0,False,False,False,False,False,混合
1778934176,L2,R4,R3,左薬指,右人差し指,右中指,s,u,i,子音,母音,母音,2,CVV,LRR,51,41,46.0,False,False,False,False,False,混合
1778934176,R4,R3,R3,右人差し指,右中指,右中指,u,i,k,母音,母音,子音,2,VVC,RRR,41,216,128.5,False,False,True,True,False,同指連打
1778934176,R3,R3,L1,右中指,右中指,左小指,i,k,a,母音,子音,母音,2,VCV,RRL,216,60,138.0,False,False,True,False,False,同指連打
1778934176,R3,L1,L2,右中指,左小指,左薬指,k,a,w,子音,母音,子音,1,CVC,RLL,60,156,108.0,False,False,False,False,False,混合
1778934176,L1,L2,L1,左小指,左薬指,左小指,a,w,a,母音,子音,母音,2,VCV,LLL,156,74,115.0,False,False,False,True,False,同手3連
1778934176,L2,L1,L4,左薬指,左小指,左人差し指,w,a,r,子音,母音,子音,1,CVC,LLL,74,30,52.0,False,False,False,True,False,同手3連
1778934176,L1,L4,R3,左小指,左人差し指,右中指,a,r,i,母音,子音,母音,2,VCV,LLR,30,40,35.0,False,False,False,False,False,混合
1778934176,L4,R3,R3,左人差し指,右中指,右中指,r,i,k,子音,母音,子音,1,CVC,LRR,40,523,281.5,False,False,True,False,False,同指連打
1778934176,R3,R3,L1,右中指,右中指,左小指,i,k,a,母音,子音,母音,2,VCV,RRL,523,29,276.0,False,False,True,False,False,同指連打
1778934176,R3,L1,L4,右中指,左小指,左人差し指,k,a,b,子音,母音,子音,1,CVC,RLL,29,190,109.5,False,False,False,False,False,混合
1778934176,L1,L4,R4,左小指,左人差し指,右人差し指,a,b,u,母音,子音,母音,2,VCV,LLR,190,70,130.0,False,False,False,False,False,混合
1778934176,L4,R4,L4,左人差し指,右人差し指,左人差し指,b,u,t,子音,母音,子音,1,CVC,LRL,70,115,92.5,False,False,False,False,True,左右交互
1778934176,R4,L4,R2,右人差し指,左人差し指,右薬指,u,t,o,母音,子音,母音,2,VCV,RLR,115,41,78.0,False,False,False,False,True,左右交互
1778934176,L4,R2,R4,左人差し指,右薬指,右人差し指,t,o,m,子音,母音,子音,1,CVC,LRR,41,138,89.5,False,False,False,False,False,混合
1778934176,R2,R4,R4,右薬指,右人差し指,右人差し指,o,m,u,母音,子音,母音,2,VCV,RRR,138,186,162.0,False,False,True,True,False,同指連打
1778934176,R4,R4,L2,右人差し指,右人差し指,左薬指,m,u,s,子音,母音,子音,1,CVC,RRL,186,61,123.5,False,False,True,False,False,同指連打
1778934176,R4,L2,R3,右人差し指,左薬指,右中指,u,s,i,母音,子音,母音,2,VCV,RLR,61,101,81.0,False,False,False,False,True,左右交互
1778934176,L2,R3,L4,左薬指,右中指,左人差し指,s,i,t,子音,母音,子音,1,CVC,LRL,101,49,75.0,False,False,False,False,True,左右交互
1778934176,R3,L4,L1,右中指,左人差し指,左小指,i,t,a,母音,子音,母音,2,VCV,RLL,49,74,61.5,False,False,False,False,False,混合
1778934176,L4,L1,R3,左人差し指,左小指,右中指,t,a,i,子音,母音,母音,2,CVV,LLR,74,56,65.0,False,False,False,False,False,混合
1778934176,L1,R3,R3,左小指,右中指,右中指,a,i,k,母音,母音,子音,2,VVC,LRR,56,186,121.0,False,False,True,False,False,同指連打
1778934176,R3,R3,R4,右中指,右中指,右人差し指,i,k,u,母音,子音,母音,2,VCV,RRR,186,60,123.0,False,False,True,True,False,同指連打
1778934176,R3,R4,L2,右中指,右人差し指,左薬指,k,u,w,子音,母音,子音,1,CVC,RRL,60,38,49.0,False,False,False,False,False,混合
1778934176,R4,L2,L1,右人差し指,左薬指,左小指,u,w,a,母音,子音,母音,2,VCV,RLL,38,59,48.5,False,False,False,False,False,混合
1778934176,L2,L1,L4,左薬指,左小指,左人差し指,w,a,g,子音,母音,子音,1,CVC,LLL,59,121,90.0,False,False,False,True,False,同手3連
1778934176,L1,L4,L1,左小指,左人差し指,左小指,a,g,a,母音,子音,母音,2,VCV,LLL,121,91,106.0,False,False,False,True,False,同手3連
1778934176,L4,L1,L4,左人差し指,左小指,左人差し指,g,a,t,子音,母音,子音,1,CVC,LLL,91,144,117.5,False,False,False,True,False,同手3連
1778934176,L1,L4,L1,左小指,左人差し指,左小指,a,t,a,母音,子音,母音,2,VCV,LLL,144,48,96.0,False,False,False,True,False,同手3連
1778934176,L4,L1,R4,左人差し指,左小指,右人差し指,t,a,m,子音,母音,子音,1,CVC,LLR,48,66,57.0,False,False,False,False,False,混合
1778934176,L1,R4,R4,左小指,右人差し指,右人差し指,a,m,u,母音,子音,母音,2,VCV,LRR,66,180,123.0,False,False,True,False,False,同指連打
1778934176,R4,R4,L2,右人差し指,右人差し指,左薬指,m,u,s,子音,母音,子音,1,CVC,RRL,180,51,115.5,False,False,True,False,False,同指連打
1778934176,R4,L2,R3,右人差し指,左薬指,右中指,u,s,i,母音,子音,母音,2,VCV,RLR,51,79,65.0,False,False,False,False,True,左右交互
1778934176,L2,R3,L1,左薬指,右中指,左小指,s,i,a,子音,母音,母音,2,CVV,LRL,79,502,290.5,False,False,False,False,True,左右交互
1778934176,R3,L1,L2,右中指,左小指,左薬指,i,a,s,母音,母音,子音,2,VVC,RLL,502,43,272.5,False,False,False,False,False,混合
1778934176,L1,L2,R3,左小指,左薬指,右中指,a,s,i,母音,子音,母音,2,VCV,LLR,43,116,79.5,False,False,False,False,False,混合
1778934176,L2,R3,L4,左薬指,右中指,左人差し指,s,i,t,子音,母音,子音,1,CVC,LRL,116,89,102.5,False,False,False,False,True,左右交互
1778934176,R3,L4,L1,右中指,左人差し指,左小指,i,t,a,母音,子音,母音,2,VCV,RLL,89,42,65.5,False,False,False,False,False,混合
1778934176,L4,L1,R4,左人差し指,左小指,右人差し指,t,a,h,子音,母音,子音,1,CVC,LLR,42,93,67.5,False,False,False,False,False,混合
1778934176,L1,R4,L1,左小指,右人差し指,左小指,a,h,a,母音,子音,母音,2,VCV,LRL,93,106,99.5,False,False,False,False,True,左右交互
1778934176,R4,L1,L1,右人差し指,左小指,左小指,h,a,a,子音,母音,母音,2,CVV,RLL,106,164,135.0,False,False,True,False,False,同指連打
1778934176,L1,L1,L2,左小指,左小指,左薬指,a,a,s,母音,母音,子音,2,VVC,LLL,164,46,105.0,False,False,True,True,False,同指連打
1778934176,L1,L2,R3,左小指,左薬指,右中指,a,s,i,母音,子音,母音,2,VCV,LLR,46,103,74.5,False,False,False,False,False,混合
1778934176,L2,R3,L4,左薬指,右中指,左人差し指,s,i,t,子音,母音,子音,1,CVC,LRL,103,79,91.0,False,False,False,False,True,左右交互
1778934176,R3,L4,L1,右中指,左人差し指,左小指,i,t,a,母音,子音,母音,2,VCV,RLL,79,47,63.0,False,False,False,False,False,混合
1778934176,L4,L1,R4,左人差し指,左小指,右人差し指,t,a,n,子音,母音,子音,1,CVC,LLR,47,75,61.0,False,False,False,False,False,混合
1778934176,L1,R4,R2,左小指,右人差し指,右薬指,a,n,o,母音,子音,母音,2,VCV,LRR,75,48,61.5,False,False,False,False,False,混合
1778934176,R4,R2,R3,右人差し指,右薬指,右中指,n,o,k,子音,母音,子音,1,CVC,RRR,48,151,99.5,False,False,False,True,False,同手3連
1778934176,R2,R3,L1,右薬指,右中指,左小指,o,k,a,母音,子音,母音,2,VCV,RRL,151,39,95.0,False,False,False,False,False,混合
1778934176,R3,L1,L1,右中指,左小指,左小指,k,a,z,子音,母音,子音,1,CVC,RLL,39,193,116.0,False,False,True,False,False,同指連打
1778934176,L1,L1,L3,左小指,左小指,左中指,a,z,e,母音,子音,母音,2,VCV,LLL,193,69,131.0,False,False,True,True,False,同指連打
1778934176,L1,L3,L4,左小指,左中指,左人差し指,z,e,g,子音,母音,子音,1,CVC,LLL,69,153,111.0,False,False,False,True,False,同手3連
1778934176,L3,L4,L1,左中指,左人差し指,左小指,e,g,a,母音,子音,母音,2,VCV,LLL,153,60,106.5,False,False,False,True,False,同手3連
1778934176,L4,L1,R4,左人差し指,左小指,右人差し指,g,a,h,子音,母音,子音,1,CVC,LLR,60,57,58.5,False,False,False,False,False,混合
1778934176,L1,R4,R4,左小指,右人差し指,右人差し指,a,h,u,母音,子音,母音,2,VCV,LRR,57,62,59.5,False,False,True,False,False,同指連打
1778934176,R4,R4,R3,右人差し指,右人差し指,右中指,h,u,k,子音,母音,子音,1,CVC,RRR,62,200,131.0,False,False,True,True,False,同指連打
1778934176,R4,R3,R4,右人差し指,右中指,右人差し指,u,k,u,母音,子音,母音,2,VCV,RRR,200,48,124.0,False,False,False,True,False,同手3連
1778934176,R3,R4,L3,右中指,右人差し指,左中指,k,u,d,子音,母音,子音,1,CVC,RRL,48,436,242.0,False,False,False,False,False,混合
1778934176,R4,L3,L1,右人差し指,左中指,左小指,u,d,a,母音,子音,母音,2,VCV,RLL,436,91,263.5,False,False,False,False,False,混合
1778934176,L3,L1,R4,左中指,左小指,右人差し指,d,a,n,子音,母音,子音,1,CVC,LLR,91,187,139.0,False,False,False,False,False,混合
1778934176,L1,R4,L4,左小指,右人差し指,左人差し指,a,n,r,母音,子音,子音,1,VCC,LRL,187,78,132.5,False,False,False,False,True,左右交互
1778934176,R4,L4,R2,右人差し指,左人差し指,右薬指,n,r,o,子音,子音,母音,1,CCV,RLR,78,66,72.0,False,False,False,False,True,左右交互
1778934176,L4,R2,R4,左人差し指,右薬指,右人差し指,r,o,u,子音,母音,母音,2,CVV,LRR,66,314,190.0,False,False,False,False,False,混合
1778934176,R2,R4,R4,右薬指,右人差し指,右人差し指,o,u,n,母音,母音,子音,2,VVC,RRR,314,173,243.5,False,False,True,True,False,同指連打
1778934176,R4,R4,L4,右人差し指,右人差し指,左人差し指,u,n,r,母音,子音,子音,1,VCC,RRL,173,72,122.5,False,False,True,False,False,同指連打
1778934176,R4,L4,R2,右人差し指,左人差し指,右薬指,n,r,o,子音,子音,母音,1,CCV,RLR,72,69,70.5,False,False,False,False,True,左右交互
1778934176,L4,R2,L3,左人差し指,右薬指,左中指,r,o,d,子音,母音,子音,1,CVC,LRL,69,67,68.0,False,False,False,False,True,左右交互
1778934176,R2,L3,R2,右薬指,左中指,右薬指,o,d,o,母音,子音,母音,2,VCV,RLR,67,102,84.5,False,False,False,False,True,左右交互
1778934176,L3,R2,L3,左中指,右薬指,左中指,d,o,d,子音,母音,子音,1,CVC,LRL,102,128,115.0,False,False,False,False,True,左右交互
1778934176,R2,L3,R2,右薬指,左中指,右薬指,o,d,o,母音,子音,母音,2,VCV,RLR,128,78,103.0,False,False,False,False,True,左右交互
1778934176,L3,R2,L2,左中指,右薬指,左薬指,d,o,w,子音,母音,子音,1,CVC,LRL,78,73,75.5,False,False,False,False,True,左右交互
1778934176,R2,L2,R2,右薬指,左薬指,右薬指,o,w,o,母音,子音,母音,2,VCV,RLR,73,61,67.0,False,False,False,False,True,左右交互
1778934176,L2,R2,R3,左薬指,右薬指,右中指,w,o,k,子音,母音,子音,1,CVC,LRR,61,131,96.0,False,False,False,False,False,混合
1778934176,R2,R3,L1,右薬指,右中指,左小指,o,k,a,母音,子音,母音,2,VCV,RRL,131,45,88.0,False,False,False,False,False,混合
1778934176,R3,L1,R3,右中指,左小指,右中指,k,a,i,子音,母音,母音,2,CVV,RLR,45,123,84.0,False,False,False,False,True,左右交互
1778934176,L1,R3,L2,左小指,右中指,左薬指,a,i,s,母音,母音,子音,2,VVC,LRL,123,45,84.0,False,False,False,False,True,左右交互
1778934176,R3,L2,R3,右中指,左薬指,右中指,i,s,i,母音,子音,母音,2,VCV,RLR,45,88,66.5,False,False,False,False,True,左右交互
1778934176,L2,R3,L2,左薬指,右中指,左薬指,s,i,s,子音,母音,子音,1,CVC,LRL,88,68,78.0,False,False,False,False,True,左右交互
1778934176,R3,L2,R3,右中指,左薬指,右中指,i,s,i,母音,子音,母音,2,VCV,RLR,68,68,68.0,False,False,False,False,True,左右交互
1778934176,L2,R3,R4,左薬指,右中指,右人差し指,s,i,m,子音,母音,子音,1,CVC,LRR,68,98,83.0,False,False,False,False,False,混合
1778934176,R3,R4,L1,右中指,右人差し指,左小指,i,m,a,母音,子音,母音,2,VCV,RRL,98,52,75.0,False,False,False,False,False,混合
1778934176,R4,L1,L2,右人差し指,左小指,左薬指,m,a,s,子音,母音,子音,1,CVC,RLL,52,57,54.5,False,False,False,False,False,混合
1778934176,L1,L2,R4,左小指,左薬指,右人差し指,a,s,u,母音,子音,母音,2,VCV,LLR,57,71,64.0,False,False,False,False,False,混合
1778934176,L2,R4,L2,左薬指,右人差し指,左薬指,s,u,s,子音,母音,子音,1,CVC,LRL,71,429,250.0,False,False,False,False,True,左右交互
1778934176,R4,L2,R2,右人差し指,左薬指,右薬指,u,s,o,母音,子音,母音,2,VCV,RLR,429,69,249.0,False,False,False,False,True,左右交互
1778934176,L2,R2,L4,左薬指,右薬指,左人差し指,s,o,r,子音,母音,子音,1,CVC,LRL,69,121,95.0,False,False,False,False,True,左右交互
1778934176,R2,L4,R2,右薬指,左人差し指,右薬指,o,r,o,母音,子音,母音,2,VCV,RLR,121,67,94.0,False,False,False,False,True,左右交互
1778934176,L4,R2,L2,左人差し指,右薬指,左薬指,r,o,s,子音,母音,子音,1,CVC,LRL,67,76,71.5,False,False,False,False,True,左右交互
1778934176,R2,L2,R2,右薬指,左薬指,右薬指,o,s,o,母音,子音,母音,2,VCV,RLR,76,69,72.5,False,False,False,False,True,左右交互
1778934176,L2,R2,L4,左薬指,右薬指,左人差し指,s,o,r,子音,母音,子音,1,CVC,LRL,69,92,80.5,False,False,False,False,True,左右交互
1778934176,R2,L4,R2,右薬指,左人差し指,右薬指,o,r,o,母音,子音,母音,2,VCV,RLR,92,48,70.0,False,False,False,False,True,左右交互
1778934176,L4,R2,R3,左人差し指,右薬指,右中指,r,o,k,子音,母音,子音,1,CVC,LRR,48,155,101.5,False,False,False,False,False,混合
1778934176,R2,R3,R2,右薬指,右中指,右薬指,o,k,o,母音,子音,母音,2,VCV,RRR,155,25,90.0,False,False,False,True,False,同手3連
1778934176,R3,R2,R3,右中指,右薬指,右中指,k,o,k,子音,母音,子音,1,CVC,RRR,25,140,82.5,False,False,False,True,False,同手3連
1778934176,R2,R3,R2,右薬指,右中指,右薬指,o,k,o,母音,子音,母音,2,VCV,RRR,140,31,85.5,False,False,False,True,False,同手3連
1778934176,R3,R2,L4,右中指,右薬指,左人差し指,k,o,r,子音,母音,子音,1,CVC,RRL,31,69,50.0,False,False,False,False,False,混合
1778934176,R2,L4,R2,右薬指,左人差し指,右薬指,o,r,o,母音,子音,母音,2,VCV,RLR,69,83,76.0,False,False,False,False,True,左右交互
1778934176,L4,R2,L4,左人差し指,右薬指,左人差し指,r,o,g,子音,母音,子音,1,CVC,LRL,83,126,104.5,False,False,False,False,True,左右交互
1778934176,R2,L4,L1,右薬指,左人差し指,左小指,o,g,a,母音,子音,母音,2,VCV,RLL,126,17,71.5,False,False,False,False,False,混合
1778934176,L4,L1,R2,左人差し指,左小指,右薬指,g,a,o,子音,母音,母音,2,CVV,LLR,17,70,43.5,False,False,False,False,False,混合
1778934176,L1,R2,L4,左小指,右薬指,左人差し指,a,o,r,母音,母音,子音,2,VVC,LRL,70,138,104.0,False,False,False,False,True,左右交互
1778934176,R2,L4,L3,右薬指,左人差し指,左中指,o,r,e,母音,子音,母音,2,VCV,RLL,138,56,97.0,False,False,False,False,False,混合
1778934176,L4,L3,L2,左人差し指,左中指,左薬指,r,e,s,子音,母音,子音,1,CVC,LLL,56,18,37.0,False,False,False,True,False,同手3連
1778934176,L3,L2,R2,左中指,左薬指,右薬指,e,s,o,母音,子音,母音,2,VCV,LLR,18,84,51.0,False,False,False,False,False,混合
1778934176,L2,R2,R4,左薬指,右薬指,右人差し指,s,o,u,子音,母音,母音,2,CVV,LRR,84,61,72.5,False,False,False,False,False,混合
1778934176,R2,R4,L3,右薬指,右人差し指,左中指,o,u,d,母音,母音,子音,2,VVC,RRL,61,78,69.5,False,False,False,False,False,混合
1778934176,R4,L3,L3,右人差し指,左中指,左中指,u,d,e,母音,子音,母音,2,VCV,RLL,78,196,137.0,False,False,True,False,False,同指連打
1778934176,L3,L3,L2,左中指,左中指,左薬指,d,e,s,子音,母音,子音,1,CVC,LLL,196,26,111.0,False,False,True,True,False,同指連打
1778934176,L3,L2,R4,左中指,左薬指,右人差し指,e,s,u,母音,子音,母音,2,VCV,LLR,26,62,44.0,False,False,False,False,False,混合
1778934176,L2,R4,L1,左薬指,右人差し指,左小指,s,u,a,子音,母音,母音,2,CVV,LRL,62,491,276.5,False,False,False,False,True,左右交互
1778934176,R4,L1,R4,右人差し指,左小指,右人差し指,u,a,n,母音,母音,子音,2,VVC,RLR,491,73,282.0,False,False,False,False,True,左右交互
1778934176,L1,R4,R2,左小指,右人差し指,右薬指,a,n,o,母音,子音,母音,2,VCV,LRR,73,48,60.5,False,False,False,False,False,混合
1778934176,R4,R2,R4,右人差し指,右薬指,右人差し指,n,o,y,子音,母音,子音,1,CVC,RRR,48,201,124.5,False,False,False,True,False,同手3連
1778934176,R2,R4,R4,右薬指,右人差し指,右人差し指,o,y,u,母音,子音,母音,2,VCV,RRR,201,38,119.5,False,False,True,True,False,同指連打
1778934176,R4,R4,R4,右人差し指,右人差し指,右人差し指,y,u,u,子音,母音,母音,2,CVV,RRR,38,135,86.5,False,False,True,True,False,同指連打
1778934176,R4,R4,R4,右人差し指,右人差し指,右人差し指,u,u,h,母音,母音,子音,2,VVC,RRR,135,230,182.5,False,False,True,True,False,同指連打
1778934176,R4,R4,R3,右人差し指,右人差し指,右中指,u,h,i,母音,子音,母音,2,VCV,RRR,230,54,142.0,False,False,True,True,False,同指連打
1778934176,R4,R3,R4,右人差し指,右中指,右人差し指,h,i,n,子音,母音,子音,1,CVC,RRR,54,167,110.5,False,False,False,True,False,同手3連
1778934176,R3,R4,R3,右中指,右人差し指,右中指,i,n,i,母音,子音,母音,2,VCV,RRR,167,53,110.0,False,False,False,True,False,同手3連
1778934176,R4,R3,R4,右人差し指,右中指,右人差し指,n,i,m,子音,母音,子音,1,CVC,RRR,53,178,115.5,False,False,False,True,False,同手3連
1778934176,R3,R4,R4,右中指,右人差し指,右人差し指,i,m,u,母音,子音,母音,2,VCV,RRR,178,154,166.0,False,False,True,True,False,同指連打
1778934176,R4,R4,R3,右人差し指,右人差し指,右中指,m,u,k,子音,母音,子音,1,CVC,RRR,154,133,143.5,False,False,True,True,False,同指連打
1778934176,R4,R3,L1,右人差し指,右中指,左小指,u,k,a,母音,子音,母音,2,VCV,RRL,133,54,93.5,False,False,False,False,False,混合
1778934176,R3,L1,L4,右中指,左小指,左人差し指,k,a,t,子音,母音,子音,1,CVC,RLL,54,83,68.5,False,False,False,False,False,混合
1778934176,L1,L4,L4,左小指,左人差し指,左人差し指,a,t,t,母音,子音,子音,1,VCC,LLL,83,160,121.5,False,False,True,True,False,同指連打
1778934176,L4,L4,L3,左人差し指,左人差し指,左中指,t,t,e,子音,子音,母音,1,CCV,LLL,160,60,110.0,False,False,True,True,False,同指連打
1778934176,L4,L3,L3,左人差し指,左中指,左中指,t,e,d,子音,母音,子音,1,CVC,LLL,60,183,121.5,False,False,True,True,False,同指連打
1778934176,L3,L3,L1,左中指,左中指,左小指,e,d,a,母音,子音,母音,2,VCV,LLL,183,71,127.0,False,False,True,True,False,同指連打
1778934176,L3,L1,L2,左中指,左小指,左薬指,d,a,s,子音,母音,子音,1,CVC,LLL,71,70,70.5,False,False,False,True,False,同手3連
1778934176,L1,L2,L2,左小指,左薬指,左薬指,a,s,s,母音,子音,子音,1,VCC,LLL,70,189,129.5,False,False,True,True,False,同指連打
1778934176,L2,L2,R4,左薬指,左薬指,右人差し指,s,s,y,子音,子音,子音,0,CCC,LLR,189,113,151.0,False,False,True,False,False,同指連打
1778934176,L2,R4,R4,左薬指,右人差し指,右人差し指,s,y,u,子音,子音,母音,1,CCV,LRR,113,49,81.0,False,False,True,False,False,同指連打
1778934176,R4,R4,L3,右人差し指,右人差し指,左中指,y,u,d,子音,母音,子音,1,CVC,RRL,49,41,45.0,False,False,True,False,False,同指連打
1778934176,R4,L3,L1,右人差し指,左中指,左小指,u,d,a,母音,子音,母音,2,VCV,RLL,41,51,46.0,False,False,False,False,False,混合
1778934176,L3,L1,R4,左中指,左小指,右人差し指,d,a,h,子音,母音,子音,1,CVC,LLR,51,472,261.5,False,False,False,False,False,混合
1778934176,L1,R4,L1,左小指,右人差し指,左小指,a,h,a,母音,子音,母音,2,VCV,LRL,472,46,259.0,False,False,False,False,True,左右交互
1778934176,R4,L1,R3,右人差し指,左小指,右中指,h,a,i,子音,母音,母音,2,CVV,RLR,46,95,70.5,False,False,False,False,True,左右交互
1778934176,L1,R3,L3,左小指,右中指,左中指,a,i,d,母音,母音,子音,2,VVC,LRL,95,56,75.5,False,False,False,False,True,左右交互
1778934176,R3,L3,R2,右中指,左中指,右薬指,i,d,o,母音,子音,母音,2,VCV,RLR,56,82,69.0,False,False,False,False,True,左右交互
1778934176,L3,R2,L4,左中指,右薬指,左人差し指,d,o,r,子音,母音,子音,1,CVC,LRL,82,88,85.0,False,False,False,False,True,左右交互
1778934176,R2,L4,R2,右薬指,左人差し指,右薬指,o,r,o,母音,子音,母音,2,VCV,RLR,88,72,80.0,False,False,False,False,True,左右交互
1778934176,L4,R2,R1,左人差し指,右薬指,右小指,r,o,p,子音,母音,子音,1,CVC,LRR,72,163,117.5,False,False,False,False,False,混合
1778934176,R2,R1,R4,右薬指,右小指,右人差し指,o,p,u,母音,子音,母音,2,VCV,RRR,163,42,102.5,False,False,False,True,False,同手3連
1778934176,R1,R4,L4,右小指,右人差し指,左人差し指,p,u,r,子音,母音,子音,1,CVC,RRL,42,65,53.5,False,False,False,False,False,混合
1778934176,R4,L4,L3,右人差し指,左人差し指,左中指,u,r,e,母音,子音,母音,2,VCV,RLL,65,60,62.5,False,False,False,False,False,混合
1778934176,L4,L3,R4,左人差し指,左中指,右人差し指,r,e,n,子音,母音,子音,1,CVC,LLR,60,207,133.5,False,False,False,False,False,混合
1778934176,L3,R4,R3,左中指,右人差し指,右中指,e,n,i,母音,子音,母音,2,VCV,LRR,207,26,116.5,False,False,False,False,False,混合
1778934176,R4,R3,R4,右人差し指,右中指,右人差し指,n,i,n,子音,母音,子音,1,CVC,RRR,26,120,73.0,False,False,False,True,False,同手3連
1778934176,R3,R4,L4,右中指,右人差し指,左人差し指,i,n,g,母音,子音,子音,1,VCC,RRL,120,132,126.0,False,False,False,False,False,混合
1778934176,R4,L4,R4,右人差し指,左人差し指,右人差し指,n,g,u,子音,子音,母音,1,CCV,RLR,132,132,132.0,False,False,False,False,True,左右交互
1778934176,L4,R4,L4,左人差し指,右人差し指,左人差し指,g,u,g,子音,母音,子音,1,CVC,LRL,132,101,116.5,False,False,False,False,True,左右交互
1778934176,R4,L4,L3,右人差し指,左人差し指,左中指,u,g,e,母音,子音,母音,2,VCV,RLL,101,43,72.0,False,False,False,False,False,混合
1778934176,L4,L3,R4,左人差し指,左中指,右人差し指,g,e,n,子音,母音,子音,1,CVC,LLR,43,87,65.0,False,False,False,False,False,混合
1778934176,L3,R4,L2,左中指,右人差し指,左薬指,e,n,s,母音,子音,子音,1,VCC,LRL,87,89,88.0,False,False,False,False,True,左右交互
1778934176,R4,L2,R4,右人差し指,左薬指,右人差し指,n,s,y,子音,子音,子音,0,CCC,RLR,89,93,91.0,False,False,False,False,True,左右交互
1778934176,L2,R4,R2,左薬指,右人差し指,右薬指,s,y,o,子音,子音,母音,1,CCV,LRR,93,126,109.5,False,False,False,False,False,混合
1778934176,R4,R2,R4,右人差し指,右薬指,右人差し指,y,o,u,子音,母音,母音,2,CVV,RRR,126,53,89.5,False,False,False,True,False,同手3連
1778934176,R2,R4,L4,右薬指,右人差し指,左人差し指,o,u,t,母音,母音,子音,2,VVC,RRL,53,460,256.5,False,False,False,False,False,混合
1778934176,R4,L4,R2,右人差し指,左人差し指,右薬指,u,t,o,母音,子音,母音,2,VCV,RLR,460,75,267.5,False,False,False,False,True,左右交互
1778934176,L4,R2,L4,左人差し指,右薬指,左人差し指,t,o,r,子音,母音,子音,1,CVC,LRL,75,115,95.0,False,False,False,False,True,左右交互
1778934176,R2,L4,L1,右薬指,左人差し指,左小指,o,r,a,母音,子音,母音,2,VCV,RLL,115,49,82.0,False,False,False,False,False,混合
1778934176,L4,L1,R4,左人差し指,左小指,右人差し指,r,a,n,子音,母音,子音,1,CVC,LLR,49,68,58.5,False,False,False,False,False,混合
1778934176,L1,R4,R4,左小指,右人差し指,右人差し指,a,n,u,母音,子音,母音,2,VCV,LRR,68,171,119.5,False,False,True,False,False,同指連打
1778934176,R4,R4,L4,右人差し指,右人差し指,左人差し指,n,u,t,子音,母音,子音,1,CVC,RRL,171,67,119.0,False,False,True,False,False,同指連打
1778934176,R4,L4,L1,右人差し指,左人差し指,左小指,u,t,a,母音,子音,母音,2,VCV,RLL,67,37,52.0,False,False,False,False,False,混合
1778934176,L4,L1,R4,左人差し指,左小指,右人差し指,t,a,n,子音,母音,子音,1,CVC,LLR,37,95,66.0,False,False,False,False,False,混合
1778934176,L1,R4,R4,左小指,右人差し指,右人差し指,a,n,u,母音,子音,母音,2,VCV,LRR,95,172,133.5,False,False,True,False,False,同指連打
1778934176,R4,R4,R3,右人差し指,右人差し指,右中指,n,u,k,子音,母音,子音,1,CVC,RRR,172,143,157.5,False,False,True,True,False,同指連打
1778934176,R4,R3,R3,右人差し指,右中指,右中指,u,k,i,母音,子音,母音,2,VCV,RRR,143,150,146.5,False,False,True,True,False,同指連打
1778934176,R3,R3,R4,右中指,右中指,右人差し指,k,i,n,子音,母音,子音,1,CVC,RRR,150,117,133.5,False,False,True,True,False,同指連打
1778934176,R3,R4,R2,右中指,右人差し指,右薬指,i,n,o,母音,子音,母音,2,VCV,RRR,117,39,78.0,False,False,False,True,False,同手3連
1778934176,R4,R2,R3,右人差し指,右薬指,右中指,n,o,k,子音,母音,子音,1,CVC,RRR,39,157,98.0,False,False,False,True,False,同手3連
1778934176,R2,R3,L1,右薬指,右中指,左小指,o,k,a,母音,子音,母音,2,VCV,RRL,157,56,106.5,False,False,False,False,False,混合
1778934176,R3,L1,L2,右中指,左小指,左薬指,k,a,w,子音,母音,子音,1,CVC,RLL,56,170,113.0,False,False,False,False,False,混合
1778934176,L1,L2,L1,左小指,左薬指,左小指,a,w,a,母音,子音,母音,2,VCV,LLL,170,79,124.5,False,False,False,True,False,同手3連
1778934176,L2,L1,L1,左薬指,左小指,左小指,w,a,z,子音,母音,子音,1,CVC,LLL,79,189,134.0,False,False,True,True,False,同指連打
1778934176,L1,L1,L1,左小指,左小指,左小指,a,z,a,母音,子音,母音,2,VCV,LLL,189,52,120.5,False,False,True,True,False,同指連打
1778934176,L1,L1,R4,左小指,左小指,右人差し指,z,a,n,子音,母音,子音,1,CVC,LLR,52,74,63.0,False,False,True,False,False,同指連打
1778934176,L1,R4,R4,左小指,右人差し指,右人差し指,a,n,n,母音,子音,子音,1,VCC,LRR,74,124,99.0,False,False,True,False,False,同指連打
1778934176,R4,R4,R4,右人差し指,右人差し指,右人差し指,n,n,y,子音,子音,子音,0,CCC,RRR,124,196,160.0,False,False,True,True,False,同指連打
1778934176,R4,R4,R2,右人差し指,右人差し指,右薬指,n,y,o,子音,子音,母音,1,CCV,RRR,196,129,162.5,False,False,True,True,False,同指連打
1778934176,R4,R2,R4,右人差し指,右薬指,右人差し指,y,o,u,子音,母音,母音,2,CVV,RRR,129,50,89.5,False,False,False,True,False,同手3連
1778934176,R2,R4,L2,右薬指,右人差し指,左薬指,o,u,s,母音,母音,子音,2,VVC,RRL,50,495,272.5,False,False,False,False,False,混合
1778934176,R4,L2,L3,右人差し指,左薬指,左中指,u,s,e,母音,子音,母音,2,VCV,RLL,495,77,286.0,False,False,False,False,False,混合
1778934176,L2,L3,R4,左薬指,左中指,右人差し指,s,e,n,子音,母音,子音,1,CVC,LLR,77,37,57.0,False,False,False,False,False,混合
1778934176,L3,R4,L2,左中指,右人差し指,左薬指,e,n,s,母音,子音,子音,1,VCC,LRL,37,104,70.5,False,False,False,False,True,左右交互
1778934176,R4,L2,R3,右人差し指,左薬指,右中指,n,s,i,子音,子音,母音,1,CCV,RLR,104,80,92.0,False,False,False,False,True,左右交互
1778934176,L2,R3,R4,左薬指,右中指,右人差し指,s,i,n,子音,母音,子音,1,CVC,LRR,80,111,95.5,False,False,False,False,False,混合
1778934176,R3,R4,R3,右中指,右人差し指,右中指,i,n,k,母音,子音,子音,1,VCC,RRR,111,173,142.0,False,False,False,True,False,同手3連
1778934176,R4,R3,R2,右人差し指,右中指,右薬指,n,k,o,子音,子音,母音,1,CCV,RRR,173,54,113.5,False,False,False,True,False,同手3連
1778934176,R3,R2,R3,右中指,右薬指,右中指,k,o,k,子音,母音,子音,1,CVC,RRR,54,99,76.5,False,False,False,True,False,同手3連
1778934176,R2,R3,R4,右薬指,右中指,右人差し指,o,k,u,母音,子音,母音,2,VCV,RRR,99,66,82.5,False,False,False,True,False,同手3連
1778934176,R3,R4,L2,右中指,右人差し指,左薬指,k,u,s,子音,母音,子音,1,CVC,RRL,66,90,78.0,False,False,False,False,False,混合
1778934176,R4,L2,R4,右人差し指,左薬指,右人差し指,u,s,y,母音,子音,子音,1,VCC,RLR,90,90,90.0,False,False,False,False,True,左右交互
1778934176,L2,R4,R4,左薬指,右人差し指,右人差し指,s,y,u,子音,子音,母音,1,CCV,LRR,90,34,62.0,False,False,True,False,False,同指連打
1778934176,R4,R4,R4,右人差し指,右人差し指,右人差し指,y,u,n,子音,母音,子音,1,CVC,RRR,34,163,98.5,False,False,True,True,False,同指連打
1778934176,R4,R4,R2,右人差し指,右人差し指,右薬指,u,n,o,母音,子音,母音,2,VCV,RRR,163,162,162.5,False,False,True,True,False,同指連打
1778934176,R4,R2,R4,右人差し指,右薬指,右人差し指,n,o,u,子音,母音,母音,2,CVV,RRR,162,39,100.5,False,False,False,True,False,同手3連
1778934176,R2,R4,R3,右薬指,右人差し指,右中指,o,u,k,母音,母音,子音,2,VVC,RRR,39,157,98.0,False,False,False,True,False,同手3連
1778934176,R4,R3,L1,右人差し指,右中指,左小指,u,k,a,母音,子音,母音,2,VCV,RRL,157,47,102.0,False,False,False,False,False,混合
1778934176,R3,L1,R3,右中指,左小指,右中指,k,a,i,子音,母音,母音,2,CVV,RLR,47,100,73.5,False,False,False,False,True,左右交互
1778934176,L1,R3,L4,左小指,右中指,左人差し指,a,i,g,母音,母音,子音,2,VVC,LRL,100,78,89.0,False,False,False,False,True,左右交互
1778934176,R3,L4,R3,右中指,左人差し指,右中指,i,g,i,母音,子音,母音,2,VCV,RLR,78,66,72.0,False,False,False,False,True,左右交互
1778934176,L4,R3,R3,左人差し指,右中指,右中指,g,i,k,子音,母音,子音,1,CVC,LRR,66,440,253.0,False,False,True,False,False,同指連打
1778934176,R3,R3,L1,右中指,右中指,左小指,i,k,a,母音,子音,母音,2,VCV,RRL,440,63,251.5,False,False,True,False,False,同指連打
1778934176,R3,L1,R4,右中指,左小指,右人差し指,k,a,n,子音,母音,子音,1,CVC,RLR,63,114,88.5,False,False,False,False,True,左右交互
1778934176,L1,R4,R3,左小指,右人差し指,右中指,a,n,i,母音,子音,母音,2,VCV,LRR,114,40,77.0,False,False,False,False,False,混合
1778934176,R4,R3,R3,右人差し指,右中指,右中指,n,i,k,子音,母音,子音,1,CVC,RRR,40,172,106.0,False,False,True,True,False,同指連打
1778934176,R3,R3,R4,右中指,右中指,右人差し指,i,k,u,母音,子音,母音,2,VCV,RRR,172,169,170.5,False,False,True,True,False,同指連打
1778934176,R3,R4,R3,右中指,右人差し指,右中指,k,u,i,子音,母音,母音,2,CVV,RRR,169,142,155.5,False,False,False,True,False,同手3連
1778934176,R4,R3,L4,右人差し指,右中指,左人差し指,u,i,r,母音,母音,子音,2,VVC,RRL,142,99,120.5,False,False,False,False,False,混合
1778934176,R3,L4,R3,右中指,左人差し指,右中指,i,r,i,母音,子音,母音,2,VCV,RLR,99,59,79.0,False,False,False,False,True,左右交互
1778934176,L4,R3,R2,左人差し指,右中指,右薬指,r,i,o,子音,母音,母音,2,CVV,LRR,59,45,52.0,False,False,False,False,False,混合
1778934176,R3,R2,L4,右中指,右薬指,左人差し指,i,o,r,母音,母音,子音,2,VVC,RRL,45,84,64.5,False,False,False,False,False,混合
1778934176,R2,L4,L3,右薬指,左人差し指,左中指,o,r,e,母音,子音,母音,2,VCV,RLL,84,71,77.5,False,False,False,False,False,混合
1778934176,L4,L3,R4,左人差し指,左中指,右人差し指,r,e,n,子音,母音,子音,1,CVC,LLR,71,50,60.5,False,False,False,False,False,混合
1778934176,L3,R4,R4,左中指,右人差し指,右人差し指,e,n,j,母音,子音,子音,1,VCC,LRR,50,166,108.0,False,False,True,False,False,同指連打
1778934176,R4,R4,R3,右人差し指,右人差し指,右中指,n,j,i,子音,子音,母音,1,CCV,RRR,166,41,103.5,False,False,True,True,False,同指連打
1778934176,R4,R3,R4,右人差し指,右中指,右人差し指,j,i,j,子音,母音,子音,1,CVC,RRR,41,109,75.0,False,False,False,True,False,同手3連
1778934176,R3,R4,R4,右中指,右人差し指,右人差し指,i,j,u,母音,子音,母音,2,VCV,RRR,109,160,134.5,False,False,True,True,False,同指連打
1778934176,R4,R4,L2,右人差し指,右人差し指,左薬指,j,u,s,子音,母音,子音,1,CVC,RRL,160,67,113.5,False,False,True,False,False,同指連打
1778934176,R4,L2,R4,右人差し指,左薬指,右人差し指,u,s,u,母音,子音,母音,2,VCV,RLR,67,92,79.5,False,False,False,False,True,左右交互
1778934176,L2,R4,R2,左薬指,右人差し指,右薬指,s,u,o,子音,母音,母音,2,CVV,LRR,92,520,306.0,False,False,False,False,False,混合
1778934176,R4,R2,L2,右人差し指,右薬指,左薬指,u,o,s,母音,母音,子音,2,VVC,RRL,520,125,322.5,False,False,False,False,False,混合
1778934176,R2,L2,R4,右薬指,左薬指,右人差し指,o,s,y,母音,子音,子音,1,VCC,RLR,125,94,109.5,False,False,False,False,True,左右交互
1778934176,L2,R4,R2,左薬指,右人差し指,右薬指,s,y,o,子音,子音,母音,1,CCV,LRR,94,151,122.5,False,False,False,False,False,混合
1778934176,R4,R2,R4,右人差し指,右薬指,右人差し指,y,o,u,子音,母音,母音,2,CVV,RRR,151,53,102.0,False,False,False,True,False,同手3連
1778934176,R2,R4,R4,右薬指,右人差し指,右人差し指,o,u,y,母音,母音,子音,2,VVC,RRR,53,174,113.5,False,False,True,True,False,同指連打
1778934176,R4,R4,R4,右人差し指,右人差し指,右人差し指,u,y,u,母音,子音,母音,2,VCV,RRR,174,40,107.0,False,False,True,True,False,同指連打
1778934176,R4,R4,L4,右人差し指,右人差し指,左人差し指,y,u,t,子音,母音,子音,1,CVC,RRL,40,86,63.0,False,False,True,False,False,同指連打
1778934176,R4,L4,R2,右人差し指,左人差し指,右薬指,u,t,o,母音,子音,母音,2,VCV,RLR,86,90,88.0,False,False,False,False,True,左右交互
1778934176,L4,R2,L4,左人差し指,右薬指,左人差し指,t,o,t,子音,母音,子音,1,CVC,LRL,90,99,94.5,False,False,False,False,True,左右交互
1778934176,R2,L4,L4,右薬指,左人差し指,左人差し指,o,t,t,母音,子音,子音,1,VCC,RLL,99,165,132.0,False,False,True,False,False,同指連打
1778934176,L4,L4,L3,左人差し指,左人差し指,左中指,t,t,e,子音,子音,母音,1,CCV,LLL,165,48,106.5,False,False,True,True,False,同指連打
1778934176,L4,L3,R3,左人差し指,左中指,右中指,t,e,k,子音,母音,子音,1,CVC,LLR,48,63,55.5,False,False,False,False,False,混合
1778934176,L3,R3,R4,左中指,右中指,右人差し指,e,k,u,母音,子音,母音,2,VCV,LRR,63,61,62.0,False,False,False,False,False,混合
1778934176,R3,R4,L3,右中指,右人差し指,左中指,k,u,d,子音,母音,子音,1,CVC,RRL,61,104,82.5,False,False,False,False,False,混合
1778934176,R4,L3,L1,右人差し指,左中指,左小指,u,d,a,母音,子音,母音,2,VCV,RLL,104,58,81.0,False,False,False,False,False,混合
1778934176,L3,L1,L2,左中指,左小指,左薬指,d,a,s,子音,母音,子音,1,CVC,LLL,58,163,110.5,False,False,False,True,False,同手3連
1778934176,L1,L2,L1,左小指,左薬指,左小指,a,s,a,母音,子音,母音,2,VCV,LLL,163,35,99.0,False,False,False,True,False,同手3連
1778934176,L2,L1,R3,左薬指,左小指,右中指,s,a,i,子音,母音,母音,2,CVV,LLR,35,65,50.0,False,False,False,False,False,混合
1778934176,L1,R3,L4,左小指,右中指,左人差し指,a,i,b,母音,母音,子音,2,VVC,LRL,65,598,331.5,False,False,False,False,True,左右交互
1778934176,R3,L4,R2,右中指,左人差し指,右薬指,i,b,o,母音,子音,母音,2,VCV,RLR,598,34,316.0,False,False,False,False,True,左右交互
1778934176,L4,R2,L2,左人差し指,右薬指,左薬指,b,o,s,子音,母音,子音,1,CVC,LRL,34,73,53.5,False,False,False,False,True,左右交互
1778934176,R2,L2,L3,右薬指,左薬指,左中指,o,s,e,母音,子音,母音,2,VCV,RLL,73,80,76.5,False,False,False,False,False,混合
1778934176,L2,L3,R3,左薬指,左中指,右中指,s,e,i,子音,母音,母音,2,CVV,LLR,80,62,71.0,False,False,False,False,False,混合
1778934176,L3,R3,R4,左中指,右中指,右人差し指,e,i,h,母音,母音,子音,2,VVC,LRR,62,34,48.0,False,False,False,False,False,混合
1778934176,R3,R4,R2,右中指,右人差し指,右薬指,i,h,o,母音,子音,母音,2,VCV,RRR,34,50,42.0,False,False,False,True,False,同手3連
1778934176,R4,R2,R4,右人差し指,右薬指,右人差し指,h,o,n,子音,母音,子音,1,CVC,RRR,50,173,111.5,False,False,False,True,False,同手3連
1778934176,R2,R4,R4,右薬指,右人差し指,右人差し指,o,n,n,母音,子音,子音,1,VCC,RRR,173,131,152.0,False,False,True,True,False,同指連打
1778934176,R4,R4,R4,右人差し指,右人差し指,右人差し指,n,n,n,子音,子音,子音,0,CCC,RRR,131,107,119.0,False,False,True,True,False,同指連打
1778934176,R4,R4,R2,右人差し指,右人差し指,右薬指,n,n,o,子音,子音,母音,1,CCV,RRR,107,178,142.5,False,False,True,True,False,同指連打
1778934176,R4,R2,R4,右人差し指,右薬指,右人差し指,n,o,u,子音,母音,母音,2,CVV,RRR,178,26,102.0,False,False,False,True,False,同手3連
1778934176,R2,R4,L2,右薬指,右人差し指,左薬指,o,u,w,母音,母音,子音,2,VVC,RRL,26,106,66.0,False,False,False,False,False,混合
1778934176,R4,L2,R2,右人差し指,左薬指,右薬指,u,w,o,母音,子音,母音,2,VCV,RLR,106,88,97.0,False,False,False,False,True,左右交互
1778934176,L2,R2,R3,左薬指,右薬指,右中指,w,o,k,子音,母音,子音,1,CVC,LRR,88,183,135.5,False,False,False,False,False,混合
1778934176,R2,R3,R4,右薬指,右中指,右人差し指,o,k,u,母音,子音,母音,2,VCV,RRR,183,49,116.0,False,False,False,True,False,同手3連
1778934176,R3,R4,L2,右中指,右人差し指,左薬指,k,u,s,子音,母音,子音,1,CVC,RRL,49,61,55.0,False,False,False,False,False,混合
1778934176,R4,L2,R4,右人差し指,左薬指,右人差し指,u,s,u,母音,子音,母音,2,VCV,RLR,61,103,82.0,False,False,False,False,True,左右交互
1778934176,L2,R4,L4,左薬指,右人差し指,左人差し指,s,u,g,子音,母音,子音,1,CVC,LRL,103,84,93.5,False,False,False,False,True,左右交互
1778934176,R4,L4,R4,右人差し指,左人差し指,右人差し指,u,g,u,母音,子音,母音,2,VCV,RLR,84,62,73.0,False,False,False,False,True,左右交互
1778934176,L4,R4,L4,左人差し指,右人差し指,左人差し指,g,u,r,子音,母音,子音,1,CVC,LRL,62,124,93.0,False,False,False,False,True,左右交互
1778934176,R4,L4,R4,右人差し指,左人差し指,右人差し指,u,r,u,母音,子音,母音,2,VCV,RLR,124,35,79.5,False,False,False,False,True,左右交互
1778934176,L4,R4,R4,左人差し指,右人差し指,右人差し指,r,u,h,子音,母音,子音,1,CVC,LRR,35,503,269.0,False,False,True,False,False,同指連打
1778934176,R4,R4,R2,右人差し指,右人差し指,右薬指,u,h,o,母音,子音,母音,2,VCV,RRR,503,60,281.5,False,False,True,True,False,同指連打
1778934176,R4,R2,R3,右人差し指,右薬指,右中指,h,o,k,子音,母音,子音,1,CVC,RRR,60,172,116.0,False,False,False,True,False,同手3連
1778934176,R2,R3,R2,右薬指,右中指,右薬指,o,k,o,母音,子音,母音,2,VCV,RRR,172,55,113.5,False,False,False,True,False,同手3連
1778934176,R3,R2,L4,右中指,右薬指,左人差し指,k,o,r,子音,母音,子音,1,CVC,RRL,55,61,58.0,False,False,False,False,False,混合
1778934176,R2,L4,R3,右薬指,左人差し指,右中指,o,r,i,母音,子音,母音,2,VCV,RLR,61,87,74.0,False,False,False,False,True,左右交互
1778934176,L4,R3,L3,左人差し指,右中指,左中指,r,i,d,子音,母音,子音,1,CVC,LRL,87,75,81.0,False,False,False,False,True,左右交互
1778934176,R3,L3,L3,右中指,左中指,左中指,i,d,e,母音,子音,母音,2,VCV,RLL,75,184,129.5,False,False,True,False,False,同指連打
1778934176,L3,L3,R3,左中指,左中指,右中指,d,e,k,子音,母音,子音,1,CVC,LLR,184,44,114.0,False,False,True,False,False,同指連打
1778934176,L3,R3,R4,左中指,右中指,右人差し指,e,k,u,母音,子音,母音,2,VCV,LRR,44,43,43.5,False,False,False,False,False,混合
1778934176,R3,R4,L2,右中指,右人差し指,左薬指,k,u,s,子音,母音,子音,1,CVC,RRL,43,98,70.5,False,False,False,False,False,混合
1778934176,R4,L2,R4,右人差し指,左薬指,右人差し指,u,s,y,母音,子音,子音,1,VCC,RLR,98,109,103.5,False,False,False,False,True,左右交互
1778934176,L2,R4,L1,左薬指,右人差し指,左小指,s,y,a,子音,子音,母音,1,CCV,LRL,109,82,95.5,False,False,False,False,True,左右交互
1778934176,R4,L1,R4,右人差し指,左小指,右人差し指,y,a,m,子音,母音,子音,1,CVC,RLR,82,134,108.0,False,False,False,False,True,左右交互
1778934176,L1,R4,R3,左小指,右人差し指,右中指,a,m,i,母音,子音,母音,2,VCV,LRR,134,31,82.5,False,False,False,False,False,混合
1778934176,R4,R3,L4,右人差し指,右中指,左人差し指,m,i,r,子音,母音,子音,1,CVC,RRL,31,65,48.0,False,False,False,False,False,混合
1778934176,R3,L4,L3,右中指,左人差し指,左中指,i,r,e,母音,子音,母音,2,VCV,RLL,65,65,65.0,False,False,False,False,False,混合
1778934176,L4,L3,R4,左人差し指,左中指,右人差し指,r,e,n,子音,母音,子音,1,CVC,LLR,65,40,52.5,False,False,False,False,False,混合
1778934176,L3,R4,R1,左中指,右人差し指,右小指,e,n,p,母音,子音,子音,1,VCC,LRR,40,137,88.5,False,False,False,False,False,混合
1778934176,R4,R1,L1,右人差し指,右小指,左小指,n,p,a,子音,子音,母音,1,CCV,RRL,137,76,106.5,False,False,False,False,False,混合
1778934176,R1,L1,L4,右小指,左小指,左人差し指,p,a,t,子音,母音,子音,1,CVC,RLL,76,73,74.5,False,False,False,False,False,混合
1778934176,L1,L4,R4,左小指,左人差し指,右人差し指,a,t,u,母音,子音,母音,2,VCV,LLR,73,50,61.5,False,False,False,False,False,混合
1778934176,L4,R4,R2,左人差し指,右人差し指,右薬指,t,u,o,子音,母音,母音,2,CVV,LRR,50,468,259.0,False,False,False,False,False,混合
1778934176,R4,R2,R3,右人差し指,右薬指,右中指,u,o,k,母音,母音,子音,2,VVC,RRR,468,154,311.0,False,False,False,True,False,同手3連
1778934176,R2,R3,L1,右薬指,右中指,左小指,o,k,a,母音,子音,母音,2,VCV,RRL,154,43,98.5,False,False,False,False,False,混合
1778934176,R3,L1,L4,右中指,左小指,左人差し指,k,a,g,子音,母音,子音,1,CVC,RLL,43,217,130.0,False,False,False,False,False,混合
1778934176,L1,L4,L3,左小指,左人差し指,左中指,a,g,e,母音,子音,母音,2,VCV,LLL,217,12,114.5,False,False,False,True,False,同手3連
1778934176,L4,L3,L2,左人差し指,左中指,左薬指,g,e,s,子音,母音,子音,1,CVC,LLL,12,28,20.0,False,False,False,True,False,同手3連
1778934176,L3,L2,L1,左中指,左薬指,左小指,e,s,a,母音,子音,母音,2,VCV,LLL,28,35,31.5,False,False,False,True,False,同手3連
1778934176,L2,L1,R4,左薬指,左小指,右人差し指,s,a,m,子音,母音,子音,1,CVC,LLR,35,109,72.0,False,False,False,False,False,混合
1778934176,L1,R4,L1,左小指,右人差し指,左小指,a,m,a,母音,子音,母音,2,VCV,LRL,109,68,88.5,False,False,False,False,True,左右交互
1778934176,R4,L1,L3,右人差し指,左小指,左中指,m,a,d,子音,母音,子音,1,CVC,RLL,68,92,80.0,False,False,False,False,False,混合
1778934176,L1,L3,L3,左小指,左中指,左中指,a,d,e,母音,子音,母音,2,VCV,LLL,92,211,151.5,False,False,True,True,False,同指連打
1778934176,L3,L3,L4,左中指,左中指,左人差し指,d,e,g,子音,母音,子音,1,CVC,LLL,211,177,194.0,False,False,True,True,False,同指連打
1778934176,L3,L4,L3,左中指,左人差し指,左中指,e,g,e,母音,子音,母音,2,VCV,LLL,177,52,114.5,False,False,False,True,False,同手3連
1778934176,L4,L3,R4,左人差し指,左中指,右人差し指,g,e,n,子音,母音,子音,1,CVC,LLR,52,51,51.5,False,False,False,False,False,混合
1778934176,L3,R4,R3,左中指,右人差し指,右中指,e,n,k,母音,子音,子音,1,VCC,LRR,51,145,98.0,False,False,False,False,False,混合
1778934176,R4,R3,R3,右人差し指,右中指,右中指,n,k,i,子音,子音,母音,1,CCV,RRR,145,167,156.0,False,False,True,True,False,同指連打
1778934176,R3,R3,L3,右中指,右中指,左中指,k,i,d,子音,母音,子音,1,CVC,RRL,167,44,105.5,False,False,True,False,False,同指連打
1778934176,R3,L3,L3,右中指,左中指,左中指,i,d,e,母音,子音,母音,2,VCV,RLL,44,210,127.0,False,False,True,False,False,同指連打
1778934176,L3,L3,L2,左中指,左中指,左薬指,d,e,s,子音,母音,子音,1,CVC,LLL,210,25,117.5,False,False,True,True,False,同指連打
1778934176,L3,L2,R4,左中指,左薬指,右人差し指,e,s,u,母音,子音,母音,2,VCV,LLR,25,46,35.5,False,False,False,False,False,混合
1778934176,L2,R4,L2,左薬指,右人差し指,左薬指,s,u,s,子音,母音,子音,1,CVC,LRL,46,477,261.5,False,False,False,False,True,左右交互
1778934176,R4,L2,R4,右人差し指,左薬指,右人差し指,u,s,y,母音,子音,子音,1,VCC,RLR,477,82,279.5,False,False,False,False,True,左右交互
1778934176,L2,R4,R4,左薬指,右人差し指,右人差し指,s,y,u,子音,子音,母音,1,CCV,LRR,82,43,62.5,False,False,True,False,False,同指連打
1778934176,R4,R4,R3,右人差し指,右人差し指,右中指,y,u,k,子音,母音,子音,1,CVC,RRR,43,161,102.0,False,False,True,True,False,同指連打
1778934176,R4,R3,R3,右人差し指,右中指,右中指,u,k,k,母音,子音,子音,1,VCC,RRR,161,153,157.0,False,False,True,True,False,同指連打
1778934176,R3,R3,L3,右中指,右中指,左中指,k,k,e,子音,子音,母音,1,CCV,RRL,153,74,113.5,False,False,True,False,False,同指連打
1778934176,R3,L3,L4,右中指,左中指,左人差し指,k,e,t,子音,母音,子音,1,CVC,RLL,74,111,92.5,False,False,False,False,False,混合
1778934176,L3,L4,R4,左中指,左人差し指,右人差し指,e,t,u,母音,子音,母音,2,VCV,LLR,111,73,92.0,False,False,False,False,False,混合
1778934176,L4,R4,L3,左人差し指,右人差し指,左中指,t,u,d,子音,母音,子音,1,CVC,LRL,73,104,88.5,False,False,False,False,True,左右交互
1778934176,R4,L3,L1,右人差し指,左中指,左小指,u,d,a,母音,子音,母音,2,VCV,RLL,104,44,74.0,False,False,False,False,False,混合
1778934176,L3,L1,R3,左中指,左小指,右中指,d,a,i,子音,母音,母音,2,CVV,LLR,44,67,55.5,False,False,False,False,False,混合
1778934176,L1,R3,L2,左小指,右中指,左薬指,a,i,s,母音,母音,子音,2,VVC,LRL,67,114,90.5,False,False,False,False,True,左右交互
1778934176,R3,L2,L1,右中指,左薬指,左小指,i,s,a,母音,子音,母音,2,VCV,RLL,114,42,78.0,False,False,False,False,False,混合
1778934176,L2,L1,L4,左薬指,左小指,左人差し指,s,a,b,子音,母音,子音,1,CVC,LLL,42,97,69.5,False,False,False,True,False,同手3連
1778934176,L1,L4,R3,左小指,左人差し指,右中指,a,b,i,母音,子音,母音,2,VCV,LLR,97,94,95.5,False,False,False,False,False,混合
1778934176,L4,R3,L2,左人差し指,右中指,左薬指,b,i,s,子音,母音,子音,1,CVC,LRL,94,76,85.0,False,False,False,False,True,左右交互
1778934176,R3,L2,R4,右中指,左薬指,右人差し指,i,s,u,母音,子音,母音,2,VCV,RLR,76,64,70.0,False,False,False,False,True,左右交互
1778934176,L2,R4,L1,左薬指,右人差し指,左小指,s,u,a,子音,母音,母音,2,CVV,LRL,64,517,290.5,False,False,False,False,True,左右交互
1778934176,R4,L1,R3,右人差し指,左小指,右中指,u,a,i,母音,母音,母音,3,VVV,RLR,517,67,292.0,False,False,False,False,True,左右交互
1778934176,L1,R3,R4,左小指,右中指,右人差し指,a,i,n,母音,母音,子音,2,VVC,LRR,67,123,95.0,False,False,False,False,False,混合
1778934176,R3,R4,R3,右中指,右人差し指,右中指,i,n,i,母音,子音,母音,2,VCV,RRR,123,58,90.5,False,False,False,True,False,同手3連
1778934176,R4,R3,R3,右人差し指,右中指,右中指,n,i,k,子音,母音,子音,1,CVC,RRR,58,186,122.0,False,False,True,True,False,同指連打
1778934176,R3,R3,R2,右中指,右中指,右薬指,i,k,o,母音,子音,母音,2,VCV,RRR,186,35,110.5,False,False,True,True,False,同指連打
1778934176,R3,R2,R3,右中指,右薬指,右中指,k,o,k,子音,母音,子音,1,CVC,RRR,35,171,103.0,False,False,False,True,False,同手3連
1778934176,R2,R3,R3,右薬指,右中指,右中指,o,k,k,母音,子音,子音,1,VCC,RRR,171,128,149.5,False,False,True,True,False,同指連打
1778934176,R3,R3,R4,右中指,右中指,右人差し指,k,k,y,子音,子音,子音,0,CCC,RRR,128,164,146.0,False,False,True,True,False,同指連打
1778934176,R3,R4,R2,右中指,右人差し指,右薬指,k,y,o,子音,子音,母音,1,CCV,RRR,164,121,142.5,False,False,False,True,False,同手3連
1778934176,R4,R2,R4,右人差し指,右薬指,右人差し指,y,o,u,子音,母音,母音,2,CVV,RRR,121,50,85.5,False,False,False,True,False,同手3連
1778934176,R2,R4,R4,右薬指,右人差し指,右人差し指,o,u,h,母音,母音,子音,2,VVC,RRR,50,180,115.0,False,False,True,True,False,同指連打
1778934176,R4,R4,L1,右人差し指,右人差し指,左小指,u,h,a,母音,子音,母音,2,VCV,RRL,180,82,131.0,False,False,True,False,False,同指連打
1778934176,R4,L1,R4,右人差し指,左小指,右人差し指,h,a,n,子音,母音,子音,1,CVC,RLR,82,69,75.5,False,False,False,False,True,左右交互
1778934176,L1,R4,L1,左小指,右人差し指,左小指,a,n,a,母音,子音,母音,2,VCV,LRL,69,90,79.5,False,False,False,False,True,左右交互
1778934176,R4,L1,R3,右人差し指,左小指,右中指,n,a,i,子音,母音,母音,2,CVV,RLR,90,48,69.0,False,False,False,False,True,左右交互
1778934176,L1,R3,R4,左小指,右中指,右人差し指,a,i,h,母音,母音,子音,2,VVC,LRR,48,486,267.0,False,False,False,False,False,混合
1778934176,R3,R4,R4,右中指,右人差し指,右人差し指,i,h,u,母音,子音,母音,2,VCV,RRR,486,54,270.0,False,False,True,True,False,同指連打
1778934176,R4,R4,L4,右人差し指,右人差し指,左人差し指,h,u,t,子音,母音,子音,1,CVC,RRL,54,85,69.5,False,False,True,False,False,同指連打
1778934176,R4,L4,R2,右人差し指,左人差し指,右薬指,u,t,o,母音,子音,母音,2,VCV,RLR,85,68,76.5,False,False,False,False,True,左右交互
1778934176,L4,R2,R4,左人差し指,右薬指,右人差し指,t,o,n,子音,母音,子音,1,CVC,LRR,68,77,72.5,False,False,False,False,False,混合
1778934176,R2,R4,R3,右薬指,右人差し指,右中指,o,n,k,母音,子音,子音,1,VCC,RRR,77,149,113.0,False,False,False,True,False,同手3連
1778934176,R4,R3,L1,右人差し指,右中指,左小指,n,k,a,子音,子音,母音,1,CCV,RRL,149,48,98.5,False,False,False,False,False,混合
1778934176,R3,L1,L4,右中指,左小指,左人差し指,k,a,r,子音,母音,子音,1,CVC,RLL,48,106,77.0,False,False,False,False,False,混合
1778934176,L1,L4,L1,左小指,左人差し指,左小指,a,r,a,母音,子音,母音,2,VCV,LLL,106,79,92.5,False,False,False,True,False,同手3連
1778934176,L4,L1,L3,左人差し指,左小指,左中指,r,a,d,子音,母音,子音,1,CVC,LLL,79,124,101.5,False,False,False,True,False,同手3連
1778934176,L1,L3,L3,左小指,左中指,左中指,a,d,e,母音,子音,母音,2,VCV,LLL,124,182,153.0,False,False,True,True,False,同指連打
1778934176,L3,L3,L4,左中指,左中指,左人差し指,d,e,r,子音,母音,子音,1,CVC,LLL,182,149,165.5,False,False,True,True,False,同指連打
1778934176,L3,L4,L1,左中指,左人差し指,左小指,e,r,a,母音,子音,母音,2,VCV,LLL,149,45,97.0,False,False,False,True,False,同手3連
1778934176,L4,L1,L4,左人差し指,左小指,左人差し指,r,a,r,子音,母音,子音,1,CVC,LLL,45,141,93.0,False,False,False,True,False,同手3連
1778934176,L1,L4,L3,左小指,左人差し指,左中指,a,r,e,母音,子音,母音,2,VCV,LLL,141,60,100.5,False,False,False,True,False,同手3連
1778934176,L4,L3,R4,左人差し指,左中指,右人差し指,r,e,n,子音,母音,子音,1,CVC,LLR,60,49,54.5,False,False,False,False,False,混合
1778934176,L3,R4,L1,左中指,右人差し指,左小指,e,n,a,母音,子音,母音,2,VCV,LRL,49,79,64.0,False,False,False,False,True,左右交互
1778934176,R4,L1,R3,右人差し指,左小指,右中指,n,a,i,子音,母音,母音,2,CVV,RLR,79,68,73.5,False,False,False,False,True,左右交互
1778934176,L1,R3,R4,左小指,右中指,右人差し指,a,i,h,母音,母音,子音,2,VVC,LRR,68,531,299.5,False,False,False,False,False,混合
1778934176,R3,R4,R2,右中指,右人差し指,右薬指,i,h,o,母音,子音,母音,2,VCV,RRR,531,66,298.5,False,False,False,True,False,同手3連
1778934176,R4,R2,L2,右人差し指,右薬指,左薬指,h,o,w,子音,母音,子音,1,CVC,RRL,66,64,65.0,False,False,False,False,False,混合
1778934176,R2,L2,L1,右薬指,左薬指,左小指,o,w,a,母音,子音,母音,2,VCV,RLL,64,45,54.5,False,False,False,False,False,混合
1778934176,L2,L1,R3,左薬指,左小指,右中指,w,a,i,子音,母音,母音,2,CVV,LLR,45,72,58.5,False,False,False,False,False,混合
1778934176,L1,R3,L4,左小指,右中指,左人差し指,a,i,t,母音,母音,子音,2,VVC,LRL,72,90,81.0,False,False,False,False,True,左右交互
1778934176,R3,L4,R2,右中指,左人差し指,右薬指,i,t,o,母音,子音,母音,2,VCV,RLR,90,60,75.0,False,False,False,False,True,左右交互
1778934176,L4,R2,L4,左人差し指,右薬指,左人差し指,t,o,t,子音,母音,子音,1,CVC,LRL,60,123,91.5,False,False,False,False,True,左右交互
1778934176,R2,L4,R4,右薬指,左人差し指,右人差し指,o,t,y,母音,子音,子音,1,VCC,RLR,123,32,77.5,False,False,False,False,True,左右交互
1778934176,L4,R4,R2,左人差し指,右人差し指,右薬指,t,y,o,子音,子音,母音,1,CCV,LRR,32,55,43.5,False,False,False,False,False,混合
1778934176,R4,R2,R3,右人差し指,右薬指,右中指,y,o,k,子音,母音,子音,1,CVC,RRR,55,185,120.0,False,False,False,True,False,同手3連
1778934176,R2,R3,R2,右薬指,右中指,右薬指,o,k,o,母音,子音,母音,2,VCV,RRR,185,44,114.5,False,False,False,True,False,同手3連
1778934176,R3,R2,L4,右中指,右薬指,左人差し指,k,o,r,子音,母音,子音,1,CVC,RRL,44,61,52.5,False,False,False,False,False,混合
1778934176,R2,L4,L3,右薬指,左人差し指,左中指,o,r,e,母音,子音,母音,2,VCV,RLL,61,75,68.0,False,False,False,False,False,混合
1778934176,L4,L3,L4,左人差し指,左中指,左人差し指,r,e,t,子音,母音,子音,1,CVC,LLL,75,94,84.5,False,False,False,True,False,同手3連
1778934176,L3,L4,R2,左中指,左人差し指,右薬指,e,t,o,母音,子音,母音,2,VCV,LLR,94,67,80.5,False,False,False,False,False,混合
1778934176,L4,R2,R3,左人差し指,右薬指,右中指,t,o,k,子音,母音,子音,1,CVC,LRR,67,469,268.0,False,False,False,False,False,混合
1778934176,R2,R3,L1,右薬指,右中指,左小指,o,k,a,母音,子音,母音,2,VCV,RRL,469,42,255.5,False,False,False,False,False,混合
1778934176,R3,L1,L4,右中指,左小指,左人差し指,k,a,r,子音,母音,子音,1,CVC,RLL,42,76,59.0,False,False,False,False,False,混合
1778934176,L1,L4,R4,左小指,左人差し指,右人差し指,a,r,u,母音,子音,母音,2,VCV,LLR,76,90,83.0,False,False,False,False,False,混合
1778934176,L4,R4,L2,左人差し指,右人差し指,左薬指,r,u,s,子音,母音,子音,1,CVC,LRL,90,62,76.0,False,False,False,False,True,左右交互
1778934176,R4,L2,R3,右人差し指,左薬指,右中指,u,s,i,母音,子音,母音,2,VCV,RLR,62,88,75.0,False,False,False,False,True,左右交互
1778934176,L2,R3,R4,左薬指,右中指,右人差し指,s,i,u,子音,母音,母音,2,CVV,LRR,88,65,76.5,False,False,False,False,False,混合
1778934176,R3,R4,R4,右中指,右人差し指,右人差し指,i,u,m,母音,母音,子音,2,VVC,RRR,65,208,136.5,False,False,True,True,False,同指連打
1778934176,R4,R4,R4,右人差し指,右人差し指,右人差し指,u,m,u,母音,子音,母音,2,VCV,RRR,208,179,193.5,False,False,True,True,False,同指連打
1778934176,R4,R4,L4,右人差し指,右人差し指,左人差し指,m,u,g,子音,母音,子音,1,CVC,RRL,179,47,113.0,False,False,True,False,False,同指連打
1778934176,R4,L4,L1,右人差し指,左人差し指,左小指,u,g,a,母音,子音,母音,2,VCV,RLL,47,41,44.0,False,False,False,False,False,混合
1778934176,L4,L1,L4,左人差し指,左小指,左人差し指,g,a,t,子音,母音,子音,1,CVC,LLL,41,167,104.0,False,False,False,True,False,同手3連
1778934176,L1,L4,L1,左小指,左人差し指,左小指,a,t,a,母音,子音,母音,2,VCV,LLL,167,62,114.5,False,False,False,True,False,同手3連
1778934176,L4,L1,L4,左人差し指,左小指,左人差し指,t,a,r,子音,母音,子音,1,CVC,LLL,62,110,86.0,False,False,False,True,False,同手3連
1778934176,L1,L4,R3,左小指,左人差し指,右中指,a,r,i,母音,子音,母音,2,VCV,LLR,110,61,85.5,False,False,False,False,False,混合
1778934176,L4,R3,R4,左人差し指,右中指,右人差し指,r,i,n,子音,母音,子音,1,CVC,LRR,61,137,99.0,False,False,False,False,False,混合
1778934176,R3,R4,L1,右中指,右人差し指,左小指,i,n,a,母音,子音,母音,2,VCV,RRL,137,50,93.5,False,False,False,False,False,混合
1778934176,R4,L1,R3,右人差し指,左小指,右中指,n,a,i,子音,母音,母音,2,CVV,RLR,50,63,56.5,False,False,False,False,True,左右交互
1778934176,L1,R3,L2,左小指,右中指,左薬指,a,i,s,母音,母音,子音,2,VVC,LRL,63,476,269.5,False,False,False,False,True,左右交互
1778934176,R3,L2,L3,右中指,左薬指,左中指,i,s,e,母音,子音,母音,2,VCV,RLL,476,65,270.5,False,False,False,False,False,混合
1778934176,L2,L3,R4,左薬指,左中指,右人差し指,s,e,n,子音,母音,子音,1,CVC,LLR,65,33,49.0,False,False,False,False,False,混合
1778934176,L3,R4,L2,左中指,右人差し指,左薬指,e,n,s,母音,子音,子音,1,VCC,LRL,33,97,65.0,False,False,False,False,True,左右交互
1778934176,R4,L2,L3,右人差し指,左薬指,左中指,n,s,e,子音,子音,母音,1,CCV,RLL,97,66,81.5,False,False,False,False,False,混合
1778934176,L2,L3,R3,左薬指,左中指,右中指,s,e,i,子音,母音,母音,2,CVV,LLR,66,48,57.0,False,False,False,False,False,混合
1778934176,L3,R3,R4,左中指,右中指,右人差し指,e,i,n,母音,母音,子音,2,VVC,LRR,48,115,81.5,False,False,False,False,False,混合
1778934176,R3,R4,R2,右中指,右人差し指,右薬指,i,n,o,母音,子音,母音,2,VCV,RRR,115,53,84.0,False,False,False,True,False,同手3連
1778934176,R4,R2,R3,右人差し指,右薬指,右中指,n,o,k,子音,母音,子音,1,CVC,RRR,53,199,126.0,False,False,False,True,False,同手3連
1778934176,R2,R3,R4,右薬指,右中指,右人差し指,o,k,u,母音,子音,母音,2,VCV,RRR,199,66,132.5,False,False,False,True,False,同手3連
1778934176,R3,R4,L4,右中指,右人差し指,左人差し指,k,u,t,子音,母音,子音,1,CVC,RRL,66,52,59.0,False,False,False,False,False,混合
1778934176,R4,L4,R3,右人差し指,左人差し指,右中指,u,t,i,母音,子音,母音,2,VCV,RLR,52,92,72.0,False,False,False,False,True,左右交互
1778934176,L4,R3,L4,左人差し指,右中指,左人差し指,t,i,g,子音,母音,子音,1,CVC,LRL,92,106,99.0,False,False,False,False,True,左右交互
1778934176,R3,L4,R4,右中指,左人差し指,右人差し指,i,g,u,母音,子音,母音,2,VCV,RLR,106,70,88.0,False,False,False,False,True,左右交互
1778934176,L4,R4,L2,左人差し指,右人差し指,左薬指,g,u,s,子音,母音,子音,1,CVC,LRL,70,75,72.5,False,False,False,False,True,左右交互
1778934176,R4,L2,L3,右人差し指,左薬指,左中指,u,s,e,母音,子音,母音,2,VCV,RLL,75,64,69.5,False,False,False,False,False,混合
1778934176,L2,L3,R3,左薬指,左中指,右中指,s,e,k,子音,母音,子音,1,CVC,LLR,64,640,352.0,False,False,False,False,False,混合
1778934176,L3,R3,R2,左中指,右中指,右薬指,e,k,o,母音,子音,母音,2,VCV,LRR,640,59,349.5,False,False,False,False,False,混合
1778934176,R3,R2,R4,右中指,右薬指,右人差し指,k,o,n,子音,母音,子音,1,CVC,RRR,59,138,98.5,False,False,False,True,False,同手3連
1778934176,R2,R4,L3,右薬指,右人差し指,左中指,o,n,e,母音,子音,母音,2,VCV,RRL,138,68,103.0,False,False,False,False,False,混合
1778934176,R4,L3,R3,右人差し指,左中指,右中指,n,e,k,子音,母音,子音,1,CVC,RLR,68,110,89.0,False,False,False,False,True,左右交互
1778934176,L3,R3,R2,左中指,右中指,右薬指,e,k,o,母音,子音,母音,2,VCV,LRR,110,55,82.5,False,False,False,False,False,混合
1778934176,R3,R2,R4,右中指,右薬指,右人差し指,k,o,n,子音,母音,子音,1,CVC,RRR,55,157,106.0,False,False,False,True,False,同手3連
1778934176,R2,R4,R2,右薬指,右人差し指,右薬指,o,n,o,母音,子音,母音,2,VCV,RRR,157,11,84.0,False,False,False,True,False,同手3連
1778934176,R4,R2,R4,右人差し指,右薬指,右人差し指,n,o,n,子音,母音,子音,1,CVC,RRR,11,145,78.0,False,False,False,True,False,同手3連
1778934176,R2,R4,R3,右薬指,右人差し指,右中指,o,n,i,母音,子音,母音,2,VCV,RRR,145,31,88.0,False,False,False,True,False,同手3連
1778934176,R4,R3,R3,右人差し指,右中指,右中指,n,i,k,子音,母音,子音,1,CVC,RRR,31,220,125.5,False,False,True,True,False,同指連打
1778934176,R3,R3,R4,右中指,右中指,右人差し指,i,k,u,母音,子音,母音,2,VCV,RRR,220,64,142.0,False,False,True,True,False,同指連打
1778934176,R3,R4,R3,右中指,右人差し指,右中指,k,u,k,子音,母音,子音,1,CVC,RRR,64,119,91.5,False,False,False,True,False,同手3連
1778934176,R4,R3,R4,右人差し指,右中指,右人差し指,u,k,y,母音,子音,子音,1,VCC,RRR,119,185,152.0,False,False,False,True,False,同手3連
1778934176,R3,R4,R4,右中指,右人差し指,右人差し指,k,y,u,子音,子音,母音,1,CCV,RRR,185,36,110.5,False,False,True,True,False,同指連打
1778934176,R4,R4,R4,右人差し指,右人差し指,右人差し指,y,u,u,子音,母音,母音,2,CVV,RRR,36,127,81.5,False,False,True,True,False,同指連打
1778934176,R4,R4,L1,右人差し指,右人差し指,左小指,u,u,a,母音,母音,母音,3,VVV,RRL,127,484,305.5,False,False,True,False,False,同指連打
1778934176,R4,L1,R4,右人差し指,左小指,右人差し指,u,a,n,母音,母音,子音,2,VVC,RLR,484,58,271.0,False,False,False,False,True,左右交互
1778934176,L1,R4,L3,左小指,右人差し指,左中指,a,n,d,母音,子音,子音,1,VCC,LRL,58,82,70.0,False,False,False,False,True,左右交互
1778934176,R4,L3,L3,右人差し指,左中指,左中指,n,d,e,子音,子音,母音,1,CCV,RLL,82,200,141.0,False,False,True,False,False,同指連打
1778934176,L3,L3,L2,左中指,左中指,左薬指,d,e,s,子音,母音,子音,1,CVC,LLL,200,148,174.0,False,False,True,True,False,同指連打
1778934176,L3,L2,R4,左中指,左薬指,右人差し指,e,s,u,母音,子音,母音,2,VCV,LLR,148,92,120.0,False,False,False,False,False,混合
1778934176,L2,R4,L2,左薬指,右人差し指,左薬指,s,u,s,子音,母音,子音,1,CVC,LRL,92,86,89.0,False,False,False,False,True,左右交互
1778934176,R4,L2,L1,右人差し指,左薬指,左小指,u,s,a,母音,子音,母音,2,VCV,RLL,86,50,68.0,False,False,False,False,False,混合
1778934176,L2,L1,R4,左薬指,左小指,右人差し指,s,a,n,子音,母音,子音,1,CVC,LLR,50,61,55.5,False,False,False,False,False,混合
1778934176,L1,R4,R4,左小指,右人差し指,右人差し指,a,n,m,母音,子音,子音,1,VCC,LRR,61,160,110.5,False,False,True,False,False,同指連打
1778934176,R4,R4,R4,右人差し指,右人差し指,右人差し指,n,m,y,子音,子音,子音,0,CCC,RRR,160,179,169.5,False,False,True,True,False,同指連打
1778934176,R4,R4,L1,右人差し指,右人差し指,左小指,m,y,a,子音,子音,母音,1,CCV,RRL,179,91,135.0,False,False,True,False,False,同指連打
1778934176,R4,L1,R3,右人差し指,左小指,右中指,y,a,k,子音,母音,子音,1,CVC,RLR,91,85,88.0,False,False,False,False,True,左右交互
1778934176,L1,R3,R4,左小指,右中指,右人差し指,a,k,u,母音,子音,母音,2,VCV,LRR,85,46,65.5,False,False,False,False,False,混合
1778934176,R3,R4,L4,右中指,右人差し指,左人差し指,k,u,r,子音,母音,子音,1,CVC,RRL,46,498,272.0,False,False,False,False,False,混合
1778934176,R4,L4,R2,右人差し指,左人差し指,右薬指,u,r,o,母音,子音,母音,2,VCV,RLR,498,79,288.5,False,False,False,False,True,左右交互
1778934176,L4,R2,R4,左人差し指,右薬指,右人差し指,r,o,u,子音,母音,母音,2,CVV,LRR,79,51,65.0,False,False,False,False,False,混合
1778934176,R2,R4,R3,右薬指,右人差し指,右中指,o,u,k,母音,母音,子音,2,VVC,RRR,51,166,108.5,False,False,False,True,False,同手3連
1778934176,R4,R3,L1,右人差し指,右中指,左小指,u,k,a,母音,子音,母音,2,VCV,RRL,166,57,111.5,False,False,False,False,False,混合
1778934176,R3,L1,R4,右中指,左小指,右人差し指,k,a,n,子音,母音,子音,1,CVC,RLR,57,91,74.0,False,False,False,False,True,左右交互
1778934176,L1,R4,R3,左小指,右人差し指,右中指,a,n,i,母音,子音,母音,2,VCV,LRR,91,46,68.5,False,False,False,False,False,混合
1778934176,R4,R3,L4,右人差し指,右中指,左人差し指,n,i,t,子音,母音,子音,1,CVC,RRL,46,69,57.5,False,False,False,False,False,混合
1778934176,R3,L4,L1,右中指,左人差し指,左小指,i,t,a,母音,子音,母音,2,VCV,RLL,69,114,91.5,False,False,False,False,False,混合
1778934176,L4,L1,L4,左人差し指,左小指,左人差し指,t,a,t,子音,母音,子音,1,CVC,LLL,114,94,104.0,False,False,False,True,False,同手3連
1778934176,L1,L4,L4,左小指,左人差し指,左人差し指,a,t,t,母音,子音,子音,1,VCC,LLL,94,157,125.5,False,False,True,True,False,同指連打
1778934176,L4,L4,L3,左人差し指,左人差し指,左中指,t,t,e,子音,子音,母音,1,CCV,LLL,157,56,106.5,False,False,True,True,False,同指連打
1778934176,L4,L3,R4,左人差し指,左中指,右人差し指,t,e,n,子音,母音,子音,1,CVC,LLR,56,105,80.5,False,False,False,False,False,混合
1778934176,L3,R4,L1,左中指,右人差し指,左小指,e,n,a,母音,子音,母音,2,VCV,LRL,105,60,82.5,False,False,False,False,True,左右交互
1778934176,R4,L1,L2,右人差し指,左小指,左薬指,n,a,s,子音,母音,子音,1,CVC,RLL,60,171,115.5,False,False,False,False,False,混合
1778934176,L1,L2,L1,左小指,左薬指,左小指,a,s,a,母音,子音,母音,2,VCV,LLL,171,54,112.5,False,False,False,True,False,同手3連
1778934176,L2,L1,R3,左薬指,左小指,右中指,s,a,i,子音,母音,母音,2,CVV,LLR,54,52,53.0,False,False,False,False,False,混合
1778934176,L1,R3,L2,左小指,右中指,左薬指,a,i,s,母音,母音,子音,2,VVC,LRL,52,468,260.0,False,False,False,False,True,左右交互
1778934176,R3,L2,R4,右中指,左薬指,右人差し指,i,s,u,母音,子音,母音,2,VCV,RLR,468,45,256.5,False,False,False,False,True,左右交互
1778934176,L2,R4,R3,左薬指,右人差し指,右中指,s,u,i,子音,母音,母音,2,CVV,LRR,45,54,49.5,False,False,False,False,False,混合
1778934176,R4,R3,L4,右人差し指,右中指,左人差し指,u,i,t,母音,母音,子音,2,VVC,RRL,54,52,53.0,False,False,False,False,False,混合
1778934176,R3,L4,R4,右中指,左人差し指,右人差し指,i,t,u,母音,子音,母音,2,VCV,RLR,52,112,82.0,False,False,False,False,True,左右交互
1778934176,L4,R4,L4,左人差し指,右人差し指,左人差し指,t,u,t,子音,母音,子音,1,CVC,LRL,112,80,96.0,False,False,False,False,True,左右交互
1778934176,R4,L4,L1,右人差し指,左人差し指,左小指,u,t,a,母音,子音,母音,2,VCV,RLL,80,60,70.0,False,False,False,False,False,混合
1778934176,L4,L1,L4,左人差し指,左小指,左人差し指,t,a,b,子音,母音,子音,1,CVC,LLL,60,72,66.0,False,False,False,True,False,同手3連
1778934176,L1,L4,L3,左小指,左人差し指,左中指,a,b,e,母音,子音,母音,2,VCV,LLL,72,84,78.0,False,False,False,True,False,同手3連
1778934176,L4,L3,R4,左人差し指,左中指,右人差し指,b,e,h,子音,母音,子音,1,CVC,LLR,84,96,90.0,False,False,False,False,False,混合
1778934176,L3,R4,R2,左中指,右人差し指,右薬指,e,h,o,母音,子音,母音,2,VCV,LRR,96,170,133.0,False,False,False,False,False,混合
1778934176,R4,R2,R4,右人差し指,右薬指,右人差し指,h,o,u,子音,母音,母音,2,CVV,RRR,170,67,118.5,False,False,False,True,False,同手3連
1778934176,R2,R4,L3,右薬指,右人差し指,左中指,o,u,d,母音,母音,子音,2,VVC,RRL,67,20,43.5,False,False,False,False,False,混合
1778934176,R4,L3,L1,右人差し指,左中指,左小指,u,d,a,母音,子音,母音,2,VCV,RLL,20,71,45.5,False,False,False,False,False,混合
1778934176,L3,L1,R3,左中指,左小指,右中指,d,a,i,子音,母音,母音,2,CVV,LLR,71,75,73.0,False,False,False,False,False,混合
1778934176,L1,R3,R4,左小指,右中指,右人差し指,a,i,m,母音,母音,子音,2,VVC,LRR,75,533,304.0,False,False,False,False,False,混合
1778934176,R3,R4,R3,右中指,右人差し指,右中指,i,m,i,母音,子音,母音,2,VCV,RRR,533,55,294.0,False,False,False,True,False,同手3連
1778934176,R4,R3,R4,右人差し指,右中指,右人差し指,m,i,n,子音,母音,子音,1,CVC,RRR,55,187,121.0,False,False,False,True,False,同手3連
1778934176,R3,R4,R2,右中指,右人差し指,右薬指,i,n,o,母音,子音,母音,2,VCV,RRR,187,43,115.0,False,False,False,True,False,同手3連
1778934176,R4,R2,L4,右人差し指,右薬指,左人差し指,n,o,g,子音,母音,子音,1,CVC,RRL,43,112,77.5,False,False,False,False,False,混合
1778934176,R2,L4,L1,右薬指,左人差し指,左小指,o,g,a,母音,子音,母音,2,VCV,RLL,112,56,84.0,False,False,False,False,False,混合
1778934176,L4,L1,L2,左人差し指,左小指,左薬指,g,a,s,子音,母音,子音,1,CVC,LLL,56,22,39.0,False,False,False,True,False,同手3連
1778934176,L1,L2,R3,左小指,左薬指,右中指,a,s,i,母音,子音,母音,2,VCV,LLR,22,115,68.5,False,False,False,False,False,混合
1778934176,L2,R3,L4,左薬指,右中指,左人差し指,s,i,t,子音,母音,子音,1,CVC,LRL,115,131,123.0,False,False,False,False,True,左右交互
1778934176,R3,L4,L3,右中指,左人差し指,左中指,i,t,e,母音,子音,母音,2,VCV,RLL,131,75,103.0,False,False,False,False,False,混合
1778934176,L4,L3,R3,左人差し指,左中指,右中指,t,e,k,子音,母音,子音,1,CVC,LLR,75,111,93.0,False,False,False,False,False,混合
1778934176,L3,R3,R4,左中指,右中指,右人差し指,e,k,u,母音,子音,母音,2,VCV,LRR,111,51,81.0,False,False,False,False,False,混合
1778934176,R3,R4,L3,右中指,右人差し指,左中指,k,u,d,子音,母音,子音,1,CVC,RRL,51,89,70.0,False,False,False,False,False,混合
1778934176,R4,L3,L1,右人差し指,左中指,左小指,u,d,a,母音,子音,母音,2,VCV,RLL,89,36,62.5,False,False,False,False,False,混合
1778934176,L3,L1,L2,左中指,左小指,左薬指,d,a,s,子音,母音,子音,1,CVC,LLL,36,164,100.0,False,False,False,True,False,同手3連
1778934176,L1,L2,L1,左小指,左薬指,左小指,a,s,a,母音,子音,母音,2,VCV,LLL,164,55,109.5,False,False,False,True,False,同手3連
1778934176,L2,L1,R3,左薬指,左小指,右中指,s,a,i,子音,母音,母音,2,CVV,LLR,55,98,76.5,False,False,False,False,False,混合
1778934176,L1,R3,R3,左小指,右中指,右中指,a,i,k,母音,母音,子音,2,VVC,LRR,98,488,293.0,False,False,True,False,False,同指連打
1778934176,R3,R3,L3,右中指,右中指,左中指,i,k,e,母音,子音,母音,2,VCV,RRL,488,53,270.5,False,False,True,False,False,同指連打
1778934176,R3,L3,R3,右中指,左中指,右中指,k,e,i,子音,母音,母音,2,CVV,RLR,53,135,94.0,False,False,False,False,True,左右交互
1778934176,L3,R3,L3,左中指,右中指,左中指,e,i,e,母音,母音,母音,3,VVV,LRL,135,62,98.5,False,False,False,False,True,左右交互
1778934176,R3,L3,R3,右中指,左中指,右中指,i,e,i,母音,母音,母音,3,VVV,RLR,62,74,68.0,False,False,False,False,True,左右交互
1778934176,L3,R3,R3,左中指,右中指,右中指,e,i,k,母音,母音,子音,2,VVC,LRR,74,201,137.5,False,False,True,False,False,同指連打
1778934176,R3,R3,R2,右中指,右中指,右薬指,i,k,o,母音,子音,母音,2,VCV,RRR,201,14,107.5,False,False,True,True,False,同指連打
1778934176,R3,R2,R4,右中指,右薬指,右人差し指,k,o,n,子音,母音,子音,1,CVC,RRR,14,107,60.5,False,False,False,True,False,同手3連
1778934176,R2,R4,L2,右薬指,右人差し指,左薬指,o,n,s,母音,子音,子音,1,VCC,RRL,107,125,116.0,False,False,False,False,False,混合
1778934176,R4,L2,L1,右人差し指,左薬指,左小指,n,s,a,子音,子音,母音,1,CCV,RLL,125,59,92.0,False,False,False,False,False,混合
1778934176,L2,L1,L4,左薬指,左小指,左人差し指,s,a,r,子音,母音,子音,1,CVC,LLL,59,95,77.0,False,False,False,True,False,同手3連
1778934176,L1,L4,R4,左小指,左人差し指,右人差し指,a,r,u,母音,子音,母音,2,VCV,LLR,95,21,58.0,False,False,False,False,False,混合
1778934176,L4,R4,L4,左人差し指,右人差し指,左人差し指,r,u,t,子音,母音,子音,1,CVC,LRL,21,202,111.5,False,False,False,False,True,左右交互
1778934176,R4,L4,L1,右人差し指,左人差し指,左小指,u,t,a,母音,子音,母音,2,VCV,RLL,202,33,117.5,False,False,False,False,False,混合
1778934176,L4,L1,R4,左人差し指,左小指,右人差し指,t,a,n,子音,母音,子音,1,CVC,LLR,33,72,52.5,False,False,False,False,False,混合
1778934176,L1,R4,L4,左小指,右人差し指,左人差し指,a,n,t,母音,子音,子音,1,VCC,LRL,72,98,85.0,False,False,False,False,True,左右交互
1778934176,R4,L4,R2,右人差し指,左人差し指,右薬指,n,t,o,子音,子音,母音,1,CCV,RLR,98,24,61.0,False,False,False,False,True,左右交互
1778934176,L4,R2,L4,左人差し指,右薬指,左人差し指,t,o,t,子音,母音,子音,1,CVC,LRL,24,469,246.5,False,False,False,False,True,左右交互
1778934176,R2,L4,L1,右薬指,左人差し指,左小指,o,t,a,母音,子音,母音,2,VCV,RLL,469,56,262.5,False,False,False,False,False,混合
1778934176,L4,L1,L4,左人差し指,左小指,左人差し指,t,a,b,子音,母音,子音,1,CVC,LLL,56,89,72.5,False,False,False,True,False,同手3連
1778934176,L1,L4,L3,左小指,左人差し指,左中指,a,b,e,母音,子音,母音,2,VCV,LLL,89,81,85.0,False,False,False,True,False,同手3連
1778934176,L4,L3,L4,左人差し指,左中指,左人差し指,b,e,t,子音,母音,子音,1,CVC,LLL,81,143,112.0,False,False,False,True,False,同手3連
1778934176,L3,L4,L1,左中指,左人差し指,左小指,e,t,a,母音,子音,母音,2,VCV,LLL,143,58,100.5,False,False,False,True,False,同手3連
1778934176,L4,L1,L4,左人差し指,左小指,左人差し指,t,a,r,子音,母音,子音,1,CVC,LLL,58,123,90.5,False,False,False,True,False,同手3連
1778934176,L1,L4,L1,左小指,左人差し指,左小指,a,r,a,母音,子音,母音,2,VCV,LLL,123,67,95.0,False,False,False,True,False,同手3連
1778934176,L4,L1,R4,左人差し指,左小指,右人差し指,r,a,h,子音,母音,子音,1,CVC,LLR,67,28,47.5,False,False,False,False,False,混合
1778934176,L1,R4,L1,左小指,右人差し指,左小指,a,h,a,母音,子音,母音,2,VCV,LRL,28,141,84.5,False,False,False,False,True,左右交互
1778934176,R4,L1,L2,右人差し指,左小指,左薬指,h,a,w,子音,母音,子音,1,CVC,RLL,141,7,74.0,False,False,False,False,False,混合
1778934176,L1,L2,R2,左小指,左薬指,右薬指,a,w,o,母音,子音,母音,2,VCV,LLR,7,78,42.5,False,False,False,False,False,混合
1778934176,L2,R2,R4,左薬指,右薬指,右人差し指,w,o,m,子音,母音,子音,1,CVC,LRR,78,150,114.0,False,False,False,False,False,混合
1778934176,R2,R4,R3,右薬指,右人差し指,右中指,o,m,i,母音,子音,母音,2,VCV,RRR,150,60,105.0,False,False,False,True,False,同手3連
1778934176,R4,R3,L4,右人差し指,右中指,左人差し指,m,i,g,子音,母音,子音,1,CVC,RRL,60,91,75.5,False,False,False,False,False,混合
1778934176,R3,L4,L1,右中指,左人差し指,左小指,i,g,a,母音,子音,母音,2,VCV,RLL,91,51,71.0,False,False,False,False,False,混合
1778934176,L4,L1,R3,左人差し指,左小指,右中指,g,a,k,子音,母音,子音,1,CVC,LLR,51,64,57.5,False,False,False,False,False,混合
1778934176,L1,R3,R2,左小指,右中指,右薬指,a,k,o,母音,子音,母音,2,VCV,LRR,64,154,109.0,False,False,False,False,False,混合
1778934176,R3,R2,R4,右中指,右薬指,右人差し指,k,o,u,子音,母音,母音,2,CVV,RRR,154,37,95.5,False,False,False,True,False,同手3連
1778934176,R2,R4,R4,右薬指,右人差し指,右人差し指,o,u,n,母音,母音,子音,2,VVC,RRR,37,192,114.5,False,False,True,True,False,同指連打
1778934176,R4,R4,L3,右人差し指,右人差し指,左中指,u,n,e,母音,子音,母音,2,VCV,RRL,192,46,119.0,False,False,True,False,False,同指連打
1778934176,R4,L3,L4,右人差し指,左中指,左人差し指,n,e,t,子音,母音,子音,1,CVC,RLL,46,488,267.0,False,False,False,False,False,混合
1778934176,L3,L4,R4,左中指,左人差し指,右人差し指,e,t,y,母音,子音,子音,1,VCC,LLR,488,71,279.5,False,False,False,False,False,混合
1778934176,L4,R4,R2,左人差し指,右人差し指,右薬指,t,y,o,子音,子音,母音,1,CCV,LRR,71,218,144.5,False,False,False,False,False,混合
1778934176,R4,R2,R4,右人差し指,右薬指,右人差し指,y,o,u,子音,母音,母音,2,CVV,RRR,218,39,128.5,False,False,False,True,False,同手3連
1778934176,R2,R4,R4,右薬指,右人差し指,右人差し指,o,u,j,母音,母音,子音,2,VVC,RRR,39,179,109.0,False,False,True,True,False,同指連打
1778934176,R4,R4,R2,右人差し指,右人差し指,右薬指,u,j,o,母音,子音,母音,2,VCV,RRR,179,147,163.0,False,False,True,True,False,同指連打
1778934176,R4,R2,R4,右人差し指,右薬指,右人差し指,j,o,u,子音,母音,母音,2,CVV,RRR,147,62,104.5,False,False,False,True,False,同手3連
1778934176,R2,R4,L4,右薬指,右人差し指,左人差し指,o,u,g,母音,母音,子音,2,VVC,RRL,62,74,68.0,False,False,False,False,False,混合
1778934176,R4,L4,L3,右人差し指,左人差し指,左中指,u,g,e,母音,子音,母音,2,VCV,RLL,74,65,69.5,False,False,False,False,False,混合
1778934176,L4,L3,R4,左人差し指,左中指,右人差し指,g,e,n,子音,母音,子音,1,CVC,LLR,65,63,64.0,False,False,False,False,False,混合
1778934176,L3,R4,L2,左中指,右人差し指,左薬指,e,n,s,母音,子音,子音,1,VCC,LRL,63,89,76.0,False,False,False,False,True,左右交互
1778934176,R4,L2,R4,右人差し指,左薬指,右人差し指,n,s,y,子音,子音,子音,0,CCC,RLR,89,120,104.5,False,False,False,False,True,左右交互
1778934176,L2,R4,R2,左薬指,右人差し指,右薬指,s,y,o,子音,子音,母音,1,CCV,LRR,120,170,145.0,False,False,False,False,False,混合
1778934176,R4,R2,R4,右人差し指,右薬指,右人差し指,y,o,u,子音,母音,母音,2,CVV,RRR,170,63,116.5,False,False,False,True,False,同手3連
